AnalysisSurfaceWater;RPCSampleID;ClientSampleID;DateSampled;Sodium_mg_L;Potassium_mg_L;Calcium_mgL;Magnesium_mg_L;AlkalinityCaCO3_mg_L;Chloride_mg_L;Fluoride_mg_L;Sulfate_mg_L;Bromine_mg_L;Ammonia_as_N_mg_L;   Unionized_20degC_mg_L;NitrateNitrite_asN_mg_L;Nitrite_as_N_mg_L;Nitrate_as_N_mg_L;Nitrogen_Total_mg_L;Phosphorus_Total_mg_L;Carbon_Total_Organic_mg_L;Colour_TCU;Conductivity_microS_cm;pH_units;Turbidity_NTU;Bicarbonate_as_CaCO3_mg_L;Carbonate_as_CaCO3_mg_L;Hardness_as_CaCO3_mg_L;TDS_calc_mg_L;Saturation_pH_20degC_units;Langelier_Index_20degC;AnalysisSurfaceWater;RPCSampleID;ClientSampleID2;DateSampled2;Analytes_Units;Aluminum_mg_L;Antimony_mg_L;Arsenic_mg_L;Barium_mg_L;Beryllium_mg_L;Bismuth_mg_L;Boron_mg_L;Cadmium_mg_L;Calcium_mg_L;Chromium_mg_L;Cobalt_mg_L;Copper_mg_L;Iron_mg_L;Lead_mg_L;Lithium_mg_L;Magnesium_mg_L;Manganese_mg_L;Molybdenum_mg_L;Nickel_mg_L;Potassium_mg_L;Rubidium_mg_L;Selenium_mg_L;Silver_mg_L;Sodium_mg_L;Strontium_mg_L;Tellurium_mg_L;Thallium_mg_L;Tin_mg_L;Uranium_mg_L;Vanadium_mg_L;Zinc_mg_L;MicrobiologicalExaminationWater;RPCSampleID3;ClientsampleID3;Datesampled3;Time Sampled;E.coli_MPN_100 mL;Temp_eau_YSI_degC;Oxyg_dissous_YSI_mg_L;Cond_YSI_mS_cm;NOX_mg_L;TKN_mg_L;TP_L_mg_L;SS_mg_L
Pok-4;    ;    ;2001-08-01;1,9;0,197;6,83;1,27;22,8;2,04;0,1;2,2;    ;0,01;    ;    ;0,05;0,05;    ;0,011;1,02;0;56,6;7,59;0;    ;    ;22,3;28,539;    ;    ;Pok-4;    ;    ;2001-08-01;;0,0042;1;1;    ;    ;    ;    ;0,1;6,83;0,0009;    ;0,0005;0,035;1;    ;1,27;0,065;    ;0,005;0,197;    ;    ;    ;1,9;    ;    ;    ;    ;    ;    ;0,005;Pok-4;    ;    ;2001-08-01;    ;10;11,4;9,7;    ;0,05;0,3;0,011;15
Pok-6;    ;    ;2001-08-01;3,06;0,365;14,1;3,99;48,2;4,31;0,1;3,88;    ;0,01;    ;    ;0,05;0,094;    ;0,008;2,14;10;114;7,95;0,6;    ;    ;51,6;59,442;    ;    ;Pok-6;    ;    ;2001-08-01;;0,026;1;1;    ;    ;    ;    ;0,1;14,1;0,0025;    ;0,0005;0,042;1;    ;3,99;0,005;    ;0,005;0,365;    ;    ;    ;3,06;    ;    ;    ;    ;    ;    ;0,005;Pok-6;    ;    ;2001-08-01;    ;80;10,2;10,6;    ;0,144;0,3;0,008;15
Pok-9;    ;    ;2001-08-01;3,09;0,41;9,8;4,75;42,7;3,8;0,1;4,47;    ;0,01;    ;    ;0,05;0,05;    ;0,009;1,09;0;106;8,01;0,7;    ;    ;44;52,392;    ;    ;Pok-9;    ;    ;2001-08-01;;0,039;1;1;    ;    ;    ;    ;0,1;9,8;0,0019;    ;0,0005;0,073;1;    ;4,75;0,012;    ;0,005;0,41;    ;    ;    ;3,09;    ;    ;    ;    ;    ;    ;0,005;Pok-9;    ;    ;2001-08-01;    ;10;14,5;10,5;    ;0,05;0,3;0,009;15
Pok-1;    ;    ;2001-08-01;4,56;0,697;25,3;3;74,6;6,25;0,1;3,39;    ;0,01;    ;    ;0,05;0,05;    ;0,008;1,6;5;171;8,2;6,4;    ;    ;75,4;88,433;    ;    ;Pok-1;    ;    ;2001-08-01;;0,015;1;1;    ;    ;    ;    ;0,1;25,3;0,0036;    ;0,0005;0,039;1;    ;3;0,017;    ;0,005;0,697;    ;    ;    ;4,56;    ;    ;    ;    ;    ;    ;0,005;Pok-1;    ;    ;2001-08-01;    ;10;11,5;11,3;    ;0,067;0,3;0,008;15
Pok-3;    ;    ;2001-08-01;2,99;0,293;14,7;3,46;49;3,53;0,1;3,56;    ;0,176;    ;    ;0,05;0,05;    ;0,008;1,34;5;115;8,03;0,5;    ;    ;50,9;58,39;    ;    ;Pok-3;    ;    ;2001-08-01;;0,024;1;1;    ;    ;    ;    ;0,1;14,7;0,0021;    ;0,0005;0,075;1;    ;3,46;0,03;    ;0,005;0,293;    ;    ;    ;2,99;    ;    ;    ;    ;    ;    ;0,005;Pok-3;    ;    ;2001-08-01;    ;10;13,5;11;    ;0,05;0,3;0,008;15
Pok-8;    ;    ;2001-08-01;7,33;0,778;14,9;3,05;47,4;6,6;0,1;6,36;    ;0,01;    ;    ;0,05;0,136;    ;0,011;1,98;5;134;8,02;1,5;    ;    ;49,7;68,576;    ;    ;Pok-8;    ;    ;2001-08-01;;0,061;1;1;    ;    ;    ;    ;0,1;14,9;0,0019;    ;0,0005;0,114;1;    ;3,05;0,013;    ;0,005;0,778;    ;    ;    ;7,33;    ;    ;    ;    ;    ;    ;0,005;Pok-8;    ;    ;2001-08-01;    ;20;12,8;11,1;    ;0,186;0,3;0,011;15
Pok-2;    ;    ;2001-08-01;4,27;0,333;14,1;3,75;46,7;4,13;0,1;4,8;    ;0,02;    ;    ;0,05;0,05;    ;0,009;1,4;5;118;8,02;0,7;    ;    ;50,6;59,75;    ;    ;Pok-2;    ;    ;2001-08-01;;0,035;1;1;    ;    ;    ;    ;0,1;14,1;0,0019;    ;0,0005;0,084;1;    ;3,75;0,02;    ;0,005;0,333;    ;    ;    ;4,27;    ;    ;    ;    ;    ;    ;0,005;Pok-2;    ;    ;2001-08-01;    ;10;14,4;10,5;    ;0,05;0,3;0,009;15
Pok-5;    ;    ;2001-08-01;5,05;0,371;8,45;3,57;32;6,68;0,1;4,99;    ;0,01;    ;    ;0,05;0,251;    ;0,016;1,21;5;100;7,86;0,1;    ;    ;35,8;49,748;    ;    ;Pok-5;    ;    ;2001-08-01;;0,012;1;1;    ;    ;    ;    ;0,1;8,45;0,0011;    ;0,0005;0,034;1;    ;3,57;0,005;    ;0,005;0,371;    ;    ;    ;5,05;    ;    ;    ;    ;    ;    ;0,005;Pok-5;    ;    ;2001-08-01;    ;30;9;12,1;    ;0,301;0,398;0,016;15
Pok-7;    ;    ;2001-08-01;5,92;0,336;13,7;4,97;52,3;5,46;0,1;4,34;    ;0,019;    ;    ;0,05;0,05;    ;0,015;3;20;133;7,97;1,2;    ;    ;54,6;66,68;    ;    ;Pok-7;    ;    ;2001-08-01;;0,035;1;1;    ;    ;    ;    ;0,1;13,7;0,0025;    ;0,0005;0,189;1;    ;4,97;0,022;    ;0,005;0,336;    ;    ;    ;5,92;    ;    ;    ;    ;    ;    ;0,005;Pok-7;    ;    ;2001-08-01;    ;270;10,8;10,4;    ;0,05;0,3;0,015;15
Pok-11;    ;    ;2001-08-01;6,1;0,582;8,18;3,66;32,3;8,36;0,1;7,87;    ;0,01;    ;    ;0,05;0,05;    ;0,011;2,44;10;108;7,86;1,6;    ;    ;35,5;54,643;    ;    ;Pok-11;    ;    ;2001-08-01;;0,043;1;1;    ;    ;    ;    ;0,1;8,18;0,001;    ;0,0005;0,119;1;    ;3,66;0,021;    ;0,005;0,582;    ;    ;    ;6,1;    ;    ;    ;    ;    ;    ;0,005;Pok-11;    ;    ;2001-08-01;    ;30;25,2;11,8;    ;0,05;0,3;0,011;15
Pok-12;    ;    ;2001-08-01;4,87;0,635;12,5;5,39;50,4;6,11;0,109;4,45;    ;0,012;    ;    ;0,05;0,05;    ;0,014;2,51;15;128;7,96;1,3;    ;    ;53,4;64,882;    ;    ;Pok-12;    ;    ;2001-08-01;;0,041;1;1;    ;    ;    ;    ;0,1;12,5;0,0021;    ;0,0005;0,267;1;    ;5,39;0,042;    ;0,005;0,635;    ;    ;    ;4,87;    ;    ;    ;    ;    ;    ;0,005;Pok-12;    ;    ;2001-08-01;    ;50;20,4;8,1;    ;0,05;0,3;0,014;15
Pok-10;    ;    ;2001-08-01;8,73;0,735;11,9;5,3;39,3;17,4;0,1;6,78;    ;0,01;    ;    ;0,05;0,26;    ;0,015;1,37;5;156;7,89;0,5;    ;    ;51,5;76,005;    ;    ;Pok-10;    ;    ;2001-08-01;;0,021;1;1;    ;    ;    ;    ;0,1;11,9;0,0015;    ;0,0005;0,069;1;    ;5,3;0,01;    ;0,055;0,735;    ;    ;    ;8,73;    ;    ;    ;    ;    ;    ;0,005;Pok-10;    ;    ;2001-08-01;    ;110;15,1;9,5;    ;0,31;0,368;0,015;15
Pok-4;    ;    ;2001-08-28;2,4;0,244;7,47;1,4;26,1;4,01;0,1;2,2;    ;0,01;    ;    ;0,05;0,05;    ;0,006;1,29;5;60;7,49;0;    ;    ;24,4;31,854;    ;    ;Pok-4;    ;    ;2001-08-28;;0,0026;1;1;    ;    ;    ;    ;0,1;7,47;0,0013;    ;0,0005;0,025;1;    ;1,4;0,076;    ;0,005;0,244;    ;    ;    ;2,4;    ;    ;    ;    ;    ;    ;0,005;Pok-4;    ;    ;2001-08-28;    ;10;8,4;10,5;    ;0,052;0,3;0,006;15
Pok-6;    ;    ;2001-08-28;3,02;0,379;14,1;4;49,5;4,33;0,1;3,83;    ;0,01;    ;    ;0,05;0,091;    ;0,008;2,26;5;115;7,94;0,7;    ;    ;51,7;60,163;    ;    ;Pok-6;    ;    ;2001-08-28;;0,026;1;1;    ;    ;    ;    ;0,1;14,1;0,0026;    ;0,0005;0,042;1;    ;4;0,005;    ;0,005;0,379;    ;    ;    ;3,02;    ;    ;    ;    ;    ;    ;0,005;Pok-6;    ;    ;2001-08-28;    ;90;   ;;    ;0,141;0,3;0,008;15
Pok-9;    ;    ;2001-08-28;3,2;0,365;16,1;5,33;46,1;3,66;0,1;4,33;    ;0,019;    ;    ;0,05;0,05;    ;0,007;1,44;5;105;7,91;1,2;    ;    ;48,2;55,695;    ;    ;Pok-9;    ;    ;2001-08-28;;0,123;1;1;    ;    ;    ;    ;0,1;16,1;0,0021;    ;0,0005;0,099;1;    ;5,33;0,0078;    ;0,005;0,365;    ;    ;    ;3,2;    ;    ;    ;    ;    ;    ;0,005;Pok-9;    ;    ;2001-08-28;    ;10;9,3;10,6;    ;0,089;0,3;0,007;15
Pok-1;    ;    ;2001-08-28;4,74;0,639;25,2;2,99;81,4;6,71;0,1;3,62;    ;0,01;    ;    ;0,05;0,05;    ;0,006;1,91;5;177;7,98;6,1;    ;    ;75,4;93,344;    ;    ;Pok-1;    ;    ;2001-08-28;;0,016;1;1;    ;    ;    ;    ;0,1;25,2;0,004;    ;0,0007;0,051;1;    ;2,99;0,018;    ;0,005;0,639;    ;    ;    ;4,74;    ;    ;    ;    ;    ;    ;0,006;Pok-1;    ;    ;2001-08-28;    ;120;10;10,12;    ;0,093;0,3;0,006;15
Pok-3;    ;    ;2001-08-28;3,27;0,428;14,6;3,36;50,7;3,66;0,1;3,51;    ;0,01;    ;    ;0,05;0,05;    ;0,007;2,21;5;113;7,89;0,9;    ;    ;50,2;59,73;    ;    ;Pok-3;    ;    ;2001-08-28;;0,029;1;1;    ;    ;    ;    ;0,1;14,6;0,0026;    ;0,0005;0,074;1;    ;3,36;0,023;    ;0,005;0,428;    ;    ;    ;3,27;    ;    ;    ;    ;    ;    ;0,007;Pok-3;    ;    ;2001-08-28;    ;110;11,5;10;    ;0,056;0,3;0,007;15
Pok-8;    ;    ;2001-08-28;6,97;0,896;16,1;3,22;60,3;6,62;0,1;6,12;    ;0,018;    ;    ;0,05;0,133;    ;0,017;3,81;30;150;7,9;6,5;    ;    ;53,5;77,496;    ;    ;Pok-8;    ;    ;2001-08-28;;0,123;1;1;    ;    ;    ;    ;0,1;16,1;0,003;    ;0,001;0,33;1;    ;3,22;0,017;    ;0,005;0,896;    ;    ;    ;6,97;    ;    ;    ;    ;    ;    ;0,005;Pok-8;    ;    ;2001-08-28;    ;210;13,5;9,4;    ;0,183;0,3;0,017;15
Pok-2;    ;    ;2001-08-28;4,42;0,494;14,4;3,75;50,6;3,53;0,1;5,02;    ;0,01;    ;    ;0,05;0,05;    ;0,008;1,88;10;119;7,88;3,5;    ;    ;51,3;63,322;    ;    ;Pok-2;    ;    ;2001-08-28;;0,109;1;1;    ;    ;    ;    ;0,1;14,4;0,0026;    ;0,0005;0,195;1;    ;3,75;0,023;    ;0,005;0,494;    ;    ;    ;4,42;    ;    ;    ;    ;    ;    ;0,005;Pok-2;    ;    ;2001-08-28;    ;80;13;9,45;    ;0,071;0,3;0,008;15
Pok-5;    ;    ;2001-08-28;4,45;0,48;10,4;3,42;38,6;8,2;0,1;5,16;    ;0,015;    ;    ;0,05;0,281;    ;0,013;2,01;5;112;7,77;1;    ;    ;41,8;58,845;    ;    ;Pok-5;    ;    ;2001-08-28;;0,029;1;1;    ;    ;    ;    ;0,1;10,4;0,002;    ;0,0005;0,064;1;    ;3,42;0,0096;    ;0,005;0,48;    ;    ;    ;4,45;    ;    ;    ;    ;    ;    ;0,005;Pok-5;    ;    ;2001-08-28;    ;250;10,9;10;    ;0,331;0,381;0,013;15
Pok-7;    ;    ;2001-08-28;5,4;0,463;12,6;4,82;53,4;5,65;0,1;4,35;    ;0,01;    ;    ;0,05;0,05;    ;0,009;2,2;10;132;7,89;1;    ;    ;51,4;65,872;    ;    ;Pok-7;    ;    ;2001-08-28;;0,025;1;1;    ;    ;    ;    ;0,1;12,6;0,003;    ;0,0005;0,107;1;    ;4,82;0,023;    ;0,005;0,463;    ;    ;    ;5,4;    ;    ;    ;    ;    ;    ;0,005;Pok-7;    ;    ;2001-08-28;    ;430;10,6;10;    ;0,065;0,3;0,009;15
Pok-11;    ;    ;2001-08-28;4,45;0,48;7,7;3,42;33;5,77;0,1;4,89;    ;0,01;    ;    ;0,05;0,05;    ;0,008;1,2;5;90,3;7,46;0,5;    ;    ;33,3;47,084;    ;    ;Pok-11;    ;    ;2001-08-28;;0,026;1;1;    ;    ;    ;    ;0,1;7,7;0,0021;    ;0,0005;0,064;1;    ;3,42;0,0096;    ;0,005;0,48;    ;    ;    ;4,45;    ;    ;    ;    ;    ;    ;0,005;Pok-11;    ;    ;2001-08-28;    ;20;8,8;10,6;    ;0,083;0,3;0,008;15
Pok-12;    ;    ;2001-08-28;5,43;0,696;12,4;5,36;51,3;6,48;0,1;4,53;    ;0,019;    ;    ;0,05;0,05;    ;0,011;2,66;15;129;7,76;1,7;    ;    ;53,1;66,352;    ;    ;Pok-12;    ;    ;2001-08-28;;0,028;1;1;    ;    ;    ;    ;0,1;12,4;0,0031;    ;0,0005;0,251;1;    ;5,36;0,042;    ;0,005;0,696;    ;    ;    ;5,43;    ;    ;    ;    ;    ;    ;0,005;Pok-12;    ;    ;2001-08-28;    ;20;13,5;8,8;    ;0,056;0,3;0,011;15
Pok-10;    ;    ;2001-08-28;8,84;0,726;12,9;5,67;43,3;17,1;0,1;7,32;    ;0,02;    ;    ;0,05;0,301;    ;0,017;1,85;5;162;7,86;0,8;    ;    ;54,9;79,994;    ;    ;Pok-10;    ;    ;2001-08-28;;0,024;1;1;    ;    ;    ;    ;0,1;12,9;0,0022;    ;0,0005;0,063;1;    ;5,67;0,0098;    ;0,005;0,726;    ;    ;    ;8,84;    ;    ;    ;    ;    ;    ;0,005;Pok-10;    ;    ;2001-08-28;    ;50;12;9,6;    ;0,351;0,375;0,017;15
Pok-4;    ;    ;2001-09-26;2,38;0,596;8,56;1,52;29,4;2,16;0,1;1,81;    ;0,01;    ;    ;0,05;0,05;    ;0,013;3,95;10;72,1;7,64;0,8;    ;    ;27,6;35,233;    ;    ;Pok-4;    ;    ;2001-09-26;;0,012;1;1;    ;    ;    ;    ;0,1;8,56;0,0014;    ;0,0005;0,073;1;    ;1,52;0,154;    ;0,005;0,596;    ;    ;    ;2,38;    ;    ;    ;    ;    ;    ;0,005;Pok-4;    ;    ;2001-09-26;    ;530;9,8;8;    ;0,05;0,3;0,013;15
Pok-6;    ;    ;2001-09-26;3,01;0,564;13,2;3,8;47,4;4,01;0,1;3,71;    ;0,015;    ;    ;0,05;0,05;    ;0,008;1,93;5;117;8,02;0,9;    ;    ;48,7;57,323;    ;    ;Pok-6;    ;    ;2001-09-26;;0,024;1;1;    ;    ;    ;    ;0,1;13,2;0,0015;    ;0,0005;0,033;1;    ;3,8;0,005;    ;0,005;0,564;    ;    ;    ;3,01;    ;    ;    ;    ;    ;    ;0,005;Pok-6;    ;    ;2001-09-26;    ;220;11,2;8,6;    ;0,095;0,3;0,008;15
Pok-9;    ;    ;2001-09-26;3,16;0,677;10;5,05;44,4;4,92;0,1;4,15;    ;0,01;    ;    ;0,05;0,05;    ;0,014;3,22;30;115;7,96;9,5;    ;    ;45,9;56,126;    ;    ;Pok-9;    ;    ;2001-09-26;;0,116;1;1;    ;    ;    ;    ;0,1;10;0,0012;    ;0,0005;0,47;1;    ;5,05;0,022;    ;0,005;0,677;    ;    ;    ;3,16;    ;    ;    ;    ;    ;    ;0,005;Pok-9;    ;    ;2001-09-26;    ;830;10,7;9;    ;0,089;0,3;0,014;15
Pok-1;    ;    ;2001-09-26;4,42;1,01;21,2;2,54;68,3;6,06;0,1;3,43;    ;0,01;    ;    ;0,05;0,077;    ;0,013;5,25;200;158;8,05;44,8;    ;    ;63,4;81,205;    ;    ;Pok-1;    ;    ;2001-09-26;;0,176;1;1;    ;    ;    ;    ;0,1;21,2;0,0031;    ;0,0005;0,68;1;    ;2,54;0,038;    ;0,005;1,01;    ;    ;    ;4,42;    ;    ;    ;    ;    ;    ;0,005;Pok-1;    ;    ;2001-09-26;    ;2000;11,5;8,5;    ;0,127;0,3;0,013;40
Pok-3;    ;    ;2001-09-26;3,09;0,52;13,8;3,06;52,6;3,49;0,1;3,43;    ;0,01;    ;    ;0,05;0,05;    ;0,009;2,13;10;123;8,04;2,4;    ;    ;47;59,453;    ;    ;Pok-3;    ;    ;2001-09-26;;0,041;1;1;    ;    ;    ;    ;0,1;13,8;0,0018;    ;0,0005;0,096;1;    ;3,06;0,038;    ;0,005;0,52;    ;    ;    ;3,09;    ;    ;    ;    ;    ;    ;0,005;Pok-3;    ;    ;2001-09-26;    ;660;12;9,2;    ;0,05;0,3;0,009;15
Pok-8;    ;    ;2001-09-26;8,63;1,44;18,6;3,79;64,1;6,92;0,122;8,51;    ;0,01;    ;    ;0,05;0,05;    ;0,012;4,45;30;173;8,06;3;    ;    ;61,9;86,992;    ;    ;Pok-8;    ;    ;2001-09-26;;0,054;1;1;    ;    ;    ;    ;0,1;18,6;0,0023;    ;0,0005;0,195;1;    ;3,79;0,043;    ;0,005;1,44;    ;    ;    ;8,63;    ;    ;    ;    ;    ;    ;0,005;Pok-8;    ;    ;2001-09-26;    ;190;12,9;7,92;    ;0,05;0,3;0,012;15
Pok-2;    ;    ;2001-09-26;5,04;0,676;15,2;3,92;56,3;4,34;0,101;5,98;    ;0,01;    ;    ;0,05;0,05;    ;0,009;1,97;5;139;8,08;1,7;    ;    ;54,1;69,446;    ;    ;Pok-2;    ;    ;2001-09-26;;0,049;1;1;    ;    ;    ;    ;0,1;15,2;0,0018;    ;0,0005;0,103;1;    ;3,92;0,029;    ;0,005;0,676;    ;    ;    ;5,04;    ;    ;    ;    ;    ;    ;0,005;Pok-2;    ;    ;2001-09-26;    ;150;12,9;8,44;    ;0,05;0,3;0,009;15
Pok-5;    ;    ;2001-09-26;5,38;0,721;9,35;3,53;37;7,42;0,113;4,87;    ;0,01;    ;    ;0,05;0,211;    ;0,013;2,12;15;111;7,87;1,2;    ;    ;37,9;54,876;    ;    ;Pok-5;    ;    ;2001-09-26;;0,035;1;1;    ;    ;    ;    ;0,1;9,35;0,009;    ;0,0005;0,071;1;    ;3,53;0,023;    ;0,005;0,721;    ;    ;    ;5,38;    ;    ;    ;    ;    ;    ;0,005;Pok-5;    ;    ;2001-09-26;    ;120;11,8;8,51;    ;0,261;0,3;0,013;15
Pok-7;    ;    ;2001-09-26;6,08;0,696;13,5;4,69;54,3;5,75;0,121;4,52;    ;0,01;    ;    ;0,05;0,05;    ;0,014;2,17;10;136;8,02;1,2;    ;    ;53,1;68,42;    ;    ;Pok-7;    ;    ;2001-09-26;;0,033;1;1;    ;    ;    ;    ;0,1;13,5;0,0007;    ;0,0005;0,116;1;    ;4,69;0,044;    ;0,005;0,696;    ;    ;    ;6,08;    ;    ;    ;    ;    ;    ;0,005;Pok-7;    ;    ;2001-09-26;    ;590;10,4;8,62;    ;0,065;0,3;0,014;15
Pok-11;    ;    ;2001-09-26;4,53;0,718;8,28;3,64;33,3;5,7;0,101;4,8;    ;0,01;    ;    ;0,05;0,05;    ;0,012;2,22;20;97,7;7,71;7,8;    ;    ;35,6;48,729;    ;    ;Pok-11;    ;    ;2001-09-26;;0,144;1;1;    ;    ;    ;    ;0,1;8,28;0,0012;    ;0,0005;0,372;1;    ;3,64;0,019;    ;0,005;0,718;    ;    ;    ;4,53;    ;    ;    ;    ;    ;    ;0,005;Pok-11;    ;    ;2001-09-26;    ;150;9,3;9;    ;0,099;0,3;0,012;15
Pok-12;    ;    ;2001-09-26;5,28;0,931;11,1;4,8;52,7;7,85;0,118;4,35;    ;0,01;    ;    ;0,05;0,05;    ;0,019;3,28;20;137;7,95;1,5;    ;    ;47,4;66,748;    ;    ;Pok-12;    ;    ;2001-09-26;;0,062;1;1;    ;    ;    ;    ;0,1;11,1;0,0022;    ;0,0005;0,333;1;    ;4,8;0,076;    ;0,005;0,931;    ;    ;    ;5,28;    ;    ;    ;    ;    ;    ;0,005;Pok-12;    ;    ;2001-09-26;    ;150;13,4;8,3;    ;0,05;0,3;0,019;15
Pok-10;    ;    ;2001-09-26;7,52;1,15;11;4,94;40,6;16,2;0,113;6,39;    ;0,01;    ;    ;0,05;0,187;    ;0,015;3,39;20;153;7,85;1,2;    ;    ;47,8;72,895;    ;    ;Pok-10;    ;    ;2001-09-26;;0,042;1;1;    ;    ;    ;    ;0,1;11;0,0014;    ;0,0005;0,104;1;    ;4,94;0,019;    ;0,005;1,15;    ;    ;    ;7,52;    ;    ;    ;    ;    ;    ;0,005;Pok-10;    ;    ;2001-09-26;    ;1300;12,7;8,4;    ;0,237;0,326;0,015;15
Pok-10;    ;    ;2001-09-26;7,74;1,13;11,3;5,07;41,7;16,2;0,113;5,54;    ;0,01;    ;    ;0,05;0,182;    ;0,016;3,3;20;154;7,85;1,1;    ;    ;49,1;73,312;    ;    ;Pok-10;    ;    ;2001-09-26;;0,042;1;1;    ;    ;    ;    ;0,1;11,3;0,0007;    ;0,0005;0,104;1;    ;5,07;0,019;    ;0,005;1,13;    ;    ;    ;7,74;    ;    ;    ;    ;    ;    ;0,005;Pok-10;    ;    ;2001-09-26;    ;1180;;    ;    ;0,232;0,325;0,016;15
Pok-4;    ;    ;2001-10-31;2,1;0,308;7,06;1,36;25,4;2,24;0,1;2,73;    ;0,01;    ;    ;0,05;0,05;    ;0,005;1,23;5;68,3;7,42;0,2;    ;    ;23,2;31,515;    ;    ;Pok-4;    ;    ;2001-10-31;;0,0072;1;1;    ;    ;    ;    ;0,1;7,06;0,0013;    ;0,0005;0,018;1;    ;1,36;0,106;    ;0,005;0,308;    ;    ;    ;2,1;    ;    ;    ;    ;    ;    ;0,005;Pok-4;    ;    ;2001-10-31;    ;20;4,8;8,4;    ;0,054;0,3;0,005;15
Pok-6;    ;    ;2001-10-31;3,05;0,407;13,5;3,95;46,7;4,42;0,1;4,45;    ;0,01;    ;    ;0,05;0,05;    ;0,006;2,34;15;123;8,01;0,5;    ;    ;50;58,389;    ;    ;Pok-6;    ;    ;2001-10-31;;0,026;1;1;    ;    ;    ;    ;0,1;13,5;0,0023;    ;0,0005;0,038;1;    ;3,95;0,005;    ;0,005;0,407;    ;    ;    ;3,05;    ;    ;    ;    ;    ;    ;0,005;Pok-6;    ;    ;2001-10-31;    ;10;1,8;9,84;    ;0,094;0,3;0,006;15
Pok-9;    ;    ;2001-10-31;3,02;0,452;9,22;4,86;40,5;3,94;0,1;4,91;    ;0,01;    ;    ;0,05;0,05;    ;0,005;2,39;20;112;7,95;1;    ;    ;43;51,203;    ;    ;Pok-9;    ;    ;2001-10-31;;0,054;1;1;    ;    ;    ;    ;0,1;9,22;0,002;    ;0,0005;0,086;1;    ;4,86;0,0066;    ;0,005;0,452;    ;    ;    ;3,02;    ;    ;    ;    ;    ;    ;0,005;Pok-9;    ;    ;2001-10-31;    ;10;3;9,46;    ;0,05;0,3;0,005;15
Pok-1;    ;    ;2001-10-31;4,62;0,626;20,3;2,46;65,1;6,71;0,1;4,29;    ;0,01;    ;    ;0,05;0,05;    ;0,005;4,56;30;162;7,96;1,1;    ;    ;60,8;78,586;    ;    ;Pok-1;    ;    ;2001-10-31;;0,074;1;1;    ;    ;    ;    ;0,1;20,3;0,0031;    ;0,0005;0,102;1;    ;2,46;0,016;    ;0,005;0,626;    ;    ;    ;4,62;    ;    ;    ;    ;    ;    ;0,005;Pok-1;    ;    ;2001-10-31;    ;20;2,7;7,8;    ;0,05;0,3;0,005;15
Pok-3;    ;    ;2001-10-31;3,44;0,448;14,4;3,27;44,4;4,13;0,1;4,11;    ;0,01;    ;    ;0,05;0,05;    ;0,005;3,37;20;115;7,89;0,8;    ;    ;49,4;56,926;    ;    ;Pok-3;    ;    ;2001-10-31;;0,038;1;1;    ;    ;    ;    ;0,1;14,4;0,0022;    ;0,0005;0,098;1;    ;3,27;0,024;    ;0,005;0,448;    ;    ;    ;3,44;    ;    ;    ;    ;    ;    ;0,005;Pok-3;    ;    ;2001-10-31;    ;30;2,3;9,57;    ;0,05;0,3;0,005;15
Pok-8;    ;    ;2001-10-31;6,63;0,763;10,4;2,16;28,5;7,97;0,1;4,91;    ;0,01;    ;    ;0,05;0,05;    ;0,012;9,23;80;111;7,74;5,5;    ;    ;34,9;53,531;    ;    ;Pok-8;    ;    ;2001-10-31;;0,288;1;1;    ;    ;    ;    ;0,1;10,4;0,0017;    ;0,0005;0,254;1;    ;2,16;0,012;    ;0,005;0,763;    ;    ;    ;6,63;    ;    ;    ;    ;    ;    ;0,005;Pok-8;    ;    ;2001-10-31;    ;140;1,4;7,7;    ;0,056;0,406;0,012;15
Pok-2;    ;    ;2001-10-31;5,15;0,564;13,4;3,46;41,8;5,22;0,1;6,18;    ;0,01;    ;    ;0,05;0,05;    ;0,009;4,33;30;120;7,42;2;    ;    ;47,8;59,734;    ;    ;Pok-2;    ;    ;2001-10-31;;0,11;1;1;    ;    ;    ;    ;0,1;13,4;0,0021;    ;0,0005;0,19;1;    ;3,46;0,021;    ;0,005;0,564;    ;    ;    ;5,15;    ;    ;    ;    ;    ;    ;0,005;Pok-2;    ;    ;2001-10-31;    ;10;2,1;7,3;    ;0,057;0,3;0,009;15
Pok-2;    ;    ;2001-10-31;4,86;0,543;12,4;3,23;42,5;5,08;0,1;6,22;    ;0,01;    ;    ;0,05;0,05;    ;0,007;4,54;30;120;7,88;2,1;    ;    ;44,4;58,483;    ;    ;Pok-2;    ;    ;2001-10-31;;0,106;1;1;    ;    ;    ;    ;0,1;12,4;0,0021;    ;0,0005;0,165;1;    ;3,23;0,02;    ;0,005;0,543;    ;    ;    ;4,86;    ;    ;    ;    ;    ;    ;0,005;Pok-2;    ;    ;2001-10-31;    ;50;   ;;    ;0,057;0,3;0,007;15
Pok-5;    ;    ;2001-10-31;4,75;0,369;7,25;2,56;20,5;7,36;0,1;5,47;    ;0,014;    ;    ;0,05;0,05;    ;0,011;13,5;120;87,2;7,5;1,4;    ;    ;28,6;41,471;    ;    ;Pok-5;    ;    ;2001-10-31;;0,15;1;1;    ;    ;    ;    ;0,1;7,25;0,001;    ;0,0005;0,272;1;    ;2,56;0,015;    ;0,005;0,369;    ;    ;    ;4,75;    ;    ;    ;    ;    ;    ;0,005;Pok-5;    ;    ;2001-10-31;    ;310;2,1;8,7;    ;0,146;0,469;0,011;15
Pok-7;    ;    ;2001-10-31;5,67;0,66;9,24;3,86;27;7,1;0,1;7,93;    ;0,01;    ;    ;0,05;0,05;    ;0,012;18,5;100;102;7,41;1,2;    ;    ;39;51,679;    ;    ;Pok-7;    ;    ;2001-10-31;;0,271;1;1;    ;    ;    ;    ;0,1;9,24;0,0016;    ;0,0005;0,346;1;    ;3,86;0,021;    ;0,005;0,66;    ;    ;    ;5,67;    ;    ;    ;    ;    ;    ;0,005;Pok-7;    ;    ;2001-10-31;    ;480;2,7;8;    ;0,062;0,454;0,012;15
Pok-11;    ;    ;2001-10-31;4,33;0,562;7,7;3,45;30,1;6,46;0,1;5,8;    ;0,01;    ;    ;0,05;0,05;    ;0,007;2,69;10;98,8;7,53;0,8;    ;    ;33,4;47;    ;    ;Pok-11;    ;    ;2001-10-31;;0,074;1;1;    ;    ;    ;    ;0,1;7,7;0,0016;    ;0,0005;0,089;1;    ;3,45;0,01;    ;0,005;0,562;    ;    ;    ;4,33;    ;    ;    ;    ;    ;    ;0,005;Pok-11;    ;    ;2001-10-31;    ;100;4,8;9,2;    ;0,05;0,3;0,007;15
Pok-12;    ;    ;2001-10-31;5,18;0,611;10,8;4,81;43,6;7,4;0,107;5,38;    ;0,012;    ;    ;0,05;0,05;    ;0,009;4,57;30;128;7,82;1,7;    ;    ;46,6;61,073;    ;    ;Pok-12;    ;    ;2001-10-31;;0,058;1;1;    ;    ;    ;    ;0,1;10,8;0,0022;    ;0,0005;0,306;1;    ;4,81;0,033;    ;0,005;0,611;    ;    ;    ;5,18;    ;    ;    ;    ;    ;    ;0,005;Pok-12;    ;    ;2001-10-31;    ;10;3,9;8,43;    ;0,05;0,3;0,009;15
Pok-10;    ;    ;2001-10-31;8,62;0,764;12;5,47;41,2;17,6;0,116;4,11;    ;0,01;    ;    ;0,05;0,23;    ;0,008;2,14;10;164;7,87;0,6;    ;    ;52,6;78,398;    ;    ;Pok-10;    ;    ;2001-10-31;;0,033;1;1;    ;    ;    ;    ;0,1;12;0,002;    ;0,0005;0,058;1;    ;5,47;0,01;    ;0,005;0,764;    ;    ;    ;8,62;    ;    ;    ;    ;    ;    ;0,005;Pok-10;    ;    ;2001-10-31;    ;50;3,3;8,85;    ;0,28;0,388;0,008;15
Pok-4;    ;    ;2002-07-29;2,29;0,33;6,62;1,18;22,2;2,02;0,1;2,39;    ;0,01;    ;    ;0,05;0,07;    ;0,006;1;5;57,1;7,18;0,19;    ;    ;21,4;28,937;    ;    ;Pok-4;    ;    ;2002-07-29;;0,013;1;1;    ;    ;    ;    ;0,1;6,62;0,0012;    ;0,0005;0,022;1;    ;1,18;0,114;    ;0,005;0,33;    ;    ;    ;2,29;    ;    ;    ;    ;    ;    ;0,005;Pok-4;    ;    ;2002-07-29;    ;10;13,3;8,17;    ;0,12;0,3;0,006;15
Pok-6;    ;    ;2002-07-29;3,33;0,47;14,4;4,04;51,6;4,54;0,106;3,98;    ;0,01;    ;    ;0,05;0,07;    ;0,008;1,2;10;123;7,92;0,69;    ;    ;52,7;62,428;    ;    ;Pok-6;    ;    ;2002-07-29;;0,039;1;1;    ;    ;    ;    ;0,1;14,4;0,002;    ;0,0005;0,018;1;    ;4,04;0,007;    ;0,005;0,47;    ;    ;    ;3,33;    ;    ;    ;    ;    ;    ;0,005;Pok-6;    ;    ;2002-07-29;    ;10;17,3;9,76;    ;0,12;0,3;0,008;15
Pok-9;    ;    ;2002-07-29;3,06;0,5;9,9;5,02;47,1;3,65;0,1;4,54;    ;0,01;    ;    ;0,05;0,05;    ;0,005;1,4;10;112;7,84;0,78;    ;    ;45,4;55,396;    ;    ;Pok-9;    ;    ;2002-07-29;;0,026;1;1;    ;    ;    ;    ;0,1;9,9;0,0012;    ;0,0005;0,059;1;    ;5,02;0,009;    ;0,005;0,5;    ;    ;    ;3,06;    ;    ;    ;    ;    ;    ;0,005;Pok-9;    ;    ;2002-07-29;    ;10;17,5;8,01;    ;0,06;0,3;0,005;15
Pok-1;    ;    ;2002-07-29;4,39;0,73;19,9;2,4;62,7;6,22;0,1;3,28;    ;0,01;    ;    ;0,05;0,05;    ;0,006;2,7;15;148;7,84;0,9;    ;    ;59,7;75,051;    ;    ;Pok-1;    ;    ;2002-07-29;;0,04;1;1;    ;    ;    ;    ;0,1;19,9;0,001;    ;0,0005;0,074;1;    ;2,4;0,025;    ;0,005;0,73;    ;    ;    ;4,39;    ;    ;    ;    ;    ;    ;0,005;Pok-1;    ;    ;2002-07-29;    ;20;14,7;8,65;    ;0,06;0,3;0,006;15
Pok-3;    ;    ;2002-07-29;3,21;0,51;13,7;3,04;49;3,91;0,1;3,34;    ;0,01;    ;    ;0,05;0,05;    ;0,007;1,7;15;116;7,87;1,17;    ;    ;46,8;57,639;    ;    ;Pok-3;    ;    ;2002-07-29;;0,041;1;1;    ;    ;    ;    ;0,1;13,7;0,0009;    ;0,0005;0,068;1;    ;3,04;0,048;    ;0,005;0,51;    ;    ;    ;3,21;    ;    ;    ;    ;    ;    ;0,005;Pok-3;    ;    ;2002-07-29;    ;30;15,7;8,5;    ;0,06;0,3;0,007;15
Pok-8;    ;    ;2002-07-29;7,09;0,88;14,2;2,86;50,1;7,96;0,101;5,65;    ;0,01;    ;    ;0,05;0,22;    ;0,02;4,2;40;139;7,84;4,96;    ;    ;47,2;70,372;    ;    ;Pok-8;    ;    ;2002-07-29;;0,058;1;1;    ;    ;    ;    ;0,1;14,2;0,0021;    ;0,0005;0,291;1;    ;2,86;0,019;    ;0,005;0,88;    ;    ;    ;7,09;    ;    ;    ;    ;    ;    ;0,005;Pok-8;    ;    ;2002-07-29;    ;60;16,8;7,6;    ;0,27;0,33;0,02;15
Pok-2;    ;    ;2002-07-29;4,24;0,51;10,3;3,6;37,6;5,14;0,124;5,51;    ;0,01;    ;    ;0,05;0,19;    ;0,007;1;5;110;7,74;0,43;    ;    ;40,6;53,102;    ;    ;Pok-2;    ;    ;2002-07-29;;0,021;1;1;    ;    ;    ;    ;0,1;10,3;0,0015;    ;0,0005;0,021;1;    ;3,6;0,006;    ;0,005;0,51;    ;    ;    ;4,24;    ;    ;    ;    ;    ;    ;0,005;Pok-2;    ;    ;2002-07-29;    ;10;17,9;8,2;    ;0,24;0,3;0,007;15
Pok-5;    ;    ;2002-07-29;5,23;0,54;9,2;3,29;33;8,1;0,1;4,64;    ;0,01;    ;    ;0,05;0,28;    ;0,013;4,9;80;105;7,58;1,52;    ;    ;36,5;52,584;    ;    ;Pok-5;    ;    ;2002-07-29;;0,053;1;1;    ;    ;    ;    ;0,1;9,2;0,0015;    ;0,0005;0,141;1;    ;3,29;0,022;    ;0,005;0,54;    ;    ;    ;5,23;    ;    ;    ;    ;    ;    ;0,005;Pok-5;    ;    ;2002-07-29;    ;10;17,4;7,1;    ;0,33;0,39;0,013;15
Pok-7;    ;    ;2002-07-29;5,54;0,52;12,2;4,52;54;5,73;0,119;4,45;    ;0,01;    ;    ;0,05;0,05;    ;0,012;4,8;40;133;7,7;1,11;    ;    ;49,1;66,04;    ;    ;Pok-7;    ;    ;2002-07-29;;0,032;1;1;    ;    ;    ;    ;0,1;12,2;0,001;    ;0,0005;0,191;1;    ;4,52;0,021;    ;0,005;0,52;    ;    ;    ;5,54;    ;    ;    ;    ;    ;    ;0,005;Pok-7;    ;    ;2002-07-29;    ;80;16,4;7,9;    ;0,07;0,3;0,012;15
Pok-11;    ;    ;2002-07-29;4,32;0,57;7,65;3,28;33;5,94;0,106;4,97;    ;0,01;    ;    ;0,05;0,05;    ;0,009;1,3;5;96,6;7,42;0,4;    ;    ;32,6;47,115;    ;    ;Pok-11;    ;    ;2002-07-29;;0,02;1;1;    ;    ;    ;    ;0,1;7,65;0,0006;    ;0,0005;0,043;1;    ;3,28;0,011;    ;0,005;0,57;    ;    ;    ;4,32;    ;    ;    ;    ;    ;    ;0,005;Pok-11;    ;    ;2002-07-29;    ;10;14,9;8,9;    ;0,09;0,3;0,009;15
Pok-12;    ;    ;2002-07-29;5,04;0,83;12,3;5,31;55,8;6,77;0,133;4,9;    ;0,01;    ;    ;0,05;0,05;    ;0,01;2,2;20;143;7,75;1,91;    ;    ;52,7;69,389;    ;    ;Pok-12;    ;    ;2002-07-29;;0,05;1;1;    ;    ;    ;    ;0,1;12,3;0,0022;    ;0,0005;0,233;1;    ;5,31;0,071;    ;0,005;0,83;    ;    ;    ;5,04;    ;    ;    ;    ;    ;    ;0,005;Pok-12;    ;    ;2002-07-29;    ;30;15,6;8,3;    ;0,06;0,3;0,01;15
Pok-12;    ;    ;2002-07-29;5,02;0,84;12,4;5,29;55,5;    ;    ;    ;    ;    ;    ;    ;    ;    ;    ;    ;2,3;20;    ;7,76;2,03;    ;    ;52,8;69,184;    ;    ;Pok-12;    ;    ;2002-07-29;;0,052;1;1;    ;    ;    ;    ;0,1;12,4;0,0023;    ;0,0005;0,234;1;    ;5,29;0,065;    ;0,005;0,84;    ;    ;    ;5,02;    ;    ;    ;    ;    ;    ;0,005;Pok-12;    ;    ;2002-07-29;    ;20;15,6;8,3;    ;    ;    ;    ;15
Pok-10;    ;    ;2002-07-29;8,3;0,92;12,2;5,44;44,1;16,1;0,124;7,23;    ;0,01;    ;    ;0,05;0,33;    ;0,023;1,8;10;162;7,73;1,63;    ;    ;53;78,668;    ;    ;Pok-10;    ;    ;2002-07-29;;0,083;1;1;    ;    ;    ;    ;0,1;12,2;0,0015;    ;0,0008;0,124;1;    ;5,44;0,04;    ;0,005;0,92;    ;    ;    ;8,3;    ;    ;    ;    ;    ;    ;0,005;Pok-10;    ;    ;2002-07-29;    ;660;17;7,45;    ;0,38;0,52;0,023;15
Pok-4;    ;    ;2002-08-28;1,89;0,28;6,61;1,25;23,5;2,16;0,1;2,16;    ;0,01;    ;    ;0,05;0,07;    ;0,01;1;5;60,3;7,25;0,39;    ;    ;21,7;    ;    ;    ;Pok-4;    ;    ;2002-08-28;;0,005;1;1;    ;    ;    ;    ;0,1;6,61;0,0018;    ;0,0005;0,019;1;    ;1,25;0,107;    ;0,005;0,28;    ;    ;    ;1,89;    ;    ;    ;    ;    ;    ;0,005;Pok-4;    ;    ;2002-08-28;    ;30;8;10,65;    ;0,12;0,3;0,01;15
Pok-6;    ;    ;2002-08-28;2,73;0,5;13,7;4,14;52,1;4,6;0,1;4,19;    ;0,01;    ;    ;0,05;0,07;    ;0,009;1;10;125;7,9;0,94;    ;    ;51,3;    ;    ;    ;Pok-6;    ;    ;2002-08-28;;0,032;1;1;    ;    ;    ;    ;0,1;13,7;0,0033;    ;0,0005;0,024;1;    ;4,14;0,005;    ;0,005;0,5;    ;    ;    ;2,73;    ;    ;    ;    ;    ;    ;0,005;Pok-6;    ;    ;2002-08-28;    ;20;9,9;11,17;    ;0,12;0,3;0,009;15
Pok-9;    ;    ;2002-08-28;2,76;0,61;9,58;5,17;47,3;3,67;0,1;4,47;    ;0,01;    ;    ;0,05;0,05;    ;0,009;1,2;20;115;7,8;1,32;    ;    ;45,2;    ;    ;    ;Pok-9;    ;    ;2002-08-28;;0,035;1;1;    ;    ;    ;    ;0,1;9,58;0,0036;    ;0,0005;0,074;1;    ;5,17;0,013;    ;0,005;0,61;    ;    ;    ;2,76;    ;    ;    ;    ;    ;    ;0,005;Pok-9;    ;    ;2002-08-28;    ;10;10,2;9,46;    ;0,07;0,3;0,009;15
Pok-1;    ;    ;2002-08-28;4,42;0,86;26,4;3,05;81,2;6,48;0,1;3,39;    ;0,01;    ;    ;0,05;0,05;    ;0,007;1,4;10;185;8,07;0,57;    ;    ;78,4;    ;    ;    ;Pok-1;    ;    ;2002-08-28;;0,022;1;1;    ;    ;    ;    ;0,1;26,4;0,0051;    ;0,0008;0,067;1;    ;3,05;0,021;    ;0,005;0,86;    ;    ;    ;4,42;    ;    ;    ;    ;    ;    ;0,006;Pok-1;    ;    ;2002-08-28;    ;80;11,1;10,2;    ;0,07;0,3;0,007;15
Pok-3;    ;    ;2002-08-28;2,79;0,53;13,8;3,21;51,1;3,93;0,1;3,56;    ;0,01;    ;    ;0,05;0,05;    ;0,008;1,2;15;121;7,85;1,15;    ;    ;47,6;    ;    ;    ;Pok-3;    ;    ;2002-08-28;;0,035;1;1;    ;    ;    ;    ;0,1;13,8;0,0033;    ;0,0005;0,06;1;    ;3,21;0,028;    ;0,005;0,53;    ;    ;    ;2,79;    ;    ;    ;    ;    ;    ;0,005;Pok-3;    ;    ;2002-08-28;    ;20;11,3;10,41;    ;0,05;0,3;0,008;0
Pok-8;    ;    ;2002-08-28;8,5;1,21;19,5;4,02;65,9;7,13;0,1;7,46;    ;0,01;    ;    ;0,05;0,05;    ;0,01;2,6;40;168;7,92;2,96;    ;    ;65,2;    ;    ;    ;Pok-8;    ;    ;2002-08-28;;0,114;1;1;    ;    ;    ;    ;0,1;19,5;0,0044;    ;0,0005;0,193;1;    ;4,02;0,026;    ;0,005;1,21;    ;    ;    ;8,5;    ;    ;    ;    ;    ;    ;0,005;Pok-8;    ;    ;2002-08-28;    ;10;13,1;9,8;    ;0,05;0,3;0,01;15
Pok-2;    ;    ;2002-08-28;4,38;0,53;10,8;3,79;37;6,09;0,1;6,5;    ;0,01;    ;    ;0,05;0,17;    ;0,009;1;10;110;7,8;0,89;    ;    ;42,8;    ;    ;    ;Pok-2;    ;    ;2002-08-28;;0,02;1;1;    ;    ;    ;    ;0,1;10,8;0,0021;    ;0,0005;0,022;1;    ;3,79;0,005;    ;0,005;0,53;    ;    ;    ;4,38;    ;    ;    ;    ;    ;    ;0,005;Pok-2;    ;    ;2002-08-28;    ;10;10,6;11,24;    ;0,22;0,3;0,009;15
Pok-2;    ;    ;2002-08-28;4,41;0,55;10,9;3,8;37;6,1;0,1;6,53;    ;0,01;    ;    ;0,05;0,18;    ;0,011;1;5;111;7,83;0,75;    ;    ;42,6;    ;    ;    ;Pok-2;    ;    ;2002-08-28;;0,02;1;1;    ;    ;    ;    ;0,1;10,9;0,0024;    ;0,0005;0,023;1;    ;3,8;0,005;    ;0,005;0,55;    ;    ;    ;4,41;    ;    ;    ;    ;    ;    ;0,005;Pok-2;    ;    ;2002-08-28;    ;20;10,6;11,24;    ;0,23;0,3;0,011;15
Pok-5;    ;    ;2002-08-28;5,44;0,57;9,71;3,75;35,2;8,33;0,1;4,99;    ;0,01;    ;    ;0,05;0,3;    ;0,014;1,6;20;111;7,79;1,34;    ;    ;39,7;    ;    ;    ;Pok-5;    ;    ;2002-08-28;;0,044;1;1;    ;    ;    ;    ;0,1;9,71;0,0021;    ;0,0032;0,076;1;    ;3,75;0,016;    ;0,005;0,57;    ;    ;    ;5,44;    ;    ;    ;    ;    ;    ;0,005;Pok-5;    ;    ;2002-08-28;    ;310;12,9;11,05;    ;0,35;0,4;0,014;15
Pok-7;    ;    ;2002-08-28;5,35;0,65;12,3;4,56;54;6,13;0,1;4,65;    ;0,01;    ;    ;0,05;0,05;    ;0,013;2,9;30;135;7,75;1,51;    ;    ;49,5;    ;    ;    ;Pok-7;    ;    ;2002-08-28;;0,036;1;1;    ;    ;    ;    ;0,1;12,3;0,0036;    ;0,0005;0,125;1;    ;4,56;0,02;    ;0,005;0,65;    ;    ;    ;5,35;    ;    ;    ;    ;    ;    ;0,005;Pok-7;    ;    ;2002-08-28;    ;410;10,1;10;    ;0,07;0,3;0,013;15
Pok-11;    ;    ;2002-08-28;3,97;0,67;7,85;3,54;34,6;6,05;0,1;5,12;    ;0,01;    ;    ;0,05;0,05;    ;0,011;1;10;101;7,38;0,48;    ;    ;34,2;    ;    ;    ;Pok-11;    ;    ;2002-08-28;;0,017;1;1;    ;    ;    ;    ;0,1;7,85;0,0027;    ;0,0005;0,046;1;    ;3,54;0,008;    ;0,005;0,67;    ;    ;    ;3,97;    ;    ;    ;    ;    ;    ;0,005;Pok-11;    ;    ;2002-08-28;    ;30;7,9;10;    ;0,1;0,3;0,011;15
Pok-12;    ;    ;2002-08-28;4,6;0,94;11,9;5,28;56,7;6,97;0,104;4,85;    ;0,01;    ;    ;0,05;0,05;    ;0,013;2;40;144;7,69;4,44;    ;    ;51,5;    ;    ;    ;Pok-12;    ;    ;2002-08-28;;0,058;1;1;    ;    ;    ;    ;0,1;11,9;0,0043;    ;0,0005;0,45;1;    ;5,28;0,078;    ;0,005;0,94;    ;    ;    ;4,6;    ;    ;    ;    ;    ;    ;0,0011;Pok-12;    ;    ;2002-08-28;    ;10;13,2;8,2;    ;0,05;0,3;0,013;15
Pok-10;    ;    ;2002-08-28;7,72;0,98;12,4;5,71;47;16;0,1;7,79;    ;0,01;    ;    ;0,05;0,18;    ;0,016;1,4;10;164;7,73;0,95;    ;    ;54,6;    ;    ;    ;Pok-10;    ;    ;2002-08-28;;0,032;1;1;    ;    ;    ;    ;0,1;12,4;0,0034;    ;0,0005;0,062;1;    ;5,71;0,013;    ;0,005;0,98;    ;    ;    ;7,72;    ;    ;    ;    ;    ;    ;0,005;Pok-10;    ;    ;2002-08-28;    ;180;11,1;9,02;    ;0,23;0,3;0,016;15
Pok-4;    ;    ;2002-10-02;2,28;0,3;7,77;1,41;27,8;2,12;0,1;2,39;    ;0,01;    ;    ;0,05;0,05;    ;0,006;1;5;69,4;7,27;0,28;    ;    ;25,2;    ;    ;    ;Pok-4;    ;    ;2002-10-02;;0,003;1;1;    ;    ;    ;    ;0,1;7,77;0,0011;    ;0,0005;0,021;1;    ;1,41;0,115;    ;0,005;0,3;    ;    ;    ;2,28;    ;    ;    ;    ;    ;    ;0,005;Pok-4;    ;    ;2002-10-02;    ;10;7,8;7,2;    ;0,09;0,3;0,006;15
Pok-6;    ;    ;2002-10-02;3,11;0,38;14,5;4,01;53,9;4,73;0,1;4;    ;0,01;    ;    ;0,05;0,05;    ;0,005;1,5;10;128;7,89;0,77;    ;    ;52,8;    ;    ;    ;Pok-6;    ;    ;2002-10-02;;0,022;1;1;    ;    ;    ;    ;0,1;14,5;0,0018;    ;0,0018;0,024;1;    ;4,01;0,005;    ;0,005;0,38;    ;    ;    ;3,11;    ;    ;    ;    ;    ;    ;0,009;Pok-6;    ;    ;2002-10-02;    ;10;10,5;7,6;    ;0,08;0,3;0,005;15
Pok-9;    ;    ;2002-10-02;3,31;0,4;11;5,5;49,9;3,76;0,1;4,53;    ;0,016;    ;    ;0,05;0,05;    ;0,007;1,6;5;120;7,83;0,94;    ;    ;50,2;    ;    ;    ;Pok-9;    ;    ;2002-10-02;;0,029;1;1;    ;    ;    ;    ;0,1;11;0,0015;    ;0,0005;0,082;1;    ;5,5;0,007;    ;0,005;0,4;    ;    ;    ;3,31;    ;    ;    ;    ;    ;    ;0,005;Pok-9;    ;    ;2002-10-02;    ;10;10,7;4,42;    ;0,05;0,3;0,007;15
Pok-1;    ;    ;2002-10-02;5,34;0,76;28,2;3,24;83,4;6,93;0,1;3,37;    ;0,01;    ;    ;0,05;0,05;    ;0,005;2,4;10;194;7,97;0,74;    ;    ;83,9;    ;    ;    ;Pok-1;    ;    ;2002-10-02;;0,021;1;1;    ;    ;    ;    ;0,1;28,2;0,0028;    ;0,0005;0,075;1;    ;3,24;0,02;    ;0,005;0,76;    ;    ;    ;5,34;    ;    ;    ;    ;    ;    ;0,005;Pok-1;    ;    ;2002-10-02;    ;20;11;7,16;    ;0,05;0,3;0,005;15
Pok-3;    ;    ;2002-10-02;3,35;0,41;14,8;3,25;53,8;4,1;0,1;3,48;    ;0,01;    ;    ;0,05;0,05;    ;0,008;2,3;15;126;7,82;1,07;    ;    ;50,4;    ;    ;    ;Pok-3;    ;    ;2002-10-02;;0,024;1;1;    ;    ;    ;    ;0,1;14,8;0,0019;    ;0,0005;0,08;1;    ;3,25;0,024;    ;0,005;0,41;    ;    ;    ;3,35;    ;    ;    ;    ;    ;    ;0,005;Pok-3;    ;    ;2002-10-02;    ;40;10,9;7,1;    ;0,05;0,3;0,008;0
Pok-8;    ;    ;2002-10-02;9,29;1,32;17,1;3,32;56,3;8,61;0,1;7,1;    ;0,022;    ;    ;0,05;0,05;    ;0,015;8,2;60;159;7,82;5,16;    ;    ;56,4;    ;    ;    ;Pok-8;    ;    ;2002-10-02;;0,076;1;1;    ;    ;    ;    ;0,1;17,1;0,0019;    ;0,0005;0,314;1;    ;3,32;0,016;    ;0,005;1,32;    ;    ;    ;9,29;    ;    ;    ;    ;    ;    ;0,005;Pok-8;    ;    ;2002-10-02;    ;30;12,7;6,84;    ;0,05;0,3;0,015;15
Pok-8;    ;    ;2002-10-02;9,67;1,2;18,3;3,52;55,7;8,64;0,1;7,17;    ;0,01;    ;    ;0,05;0,05;    ;0,016;8,2;60;157;7,82;5,35;    ;    ;60,1;    ;    ;    ;Pok-8;    ;    ;2002-10-02;;0,077;1;1;    ;    ;    ;    ;0,1;18,3;0,0019;    ;0,0005;0,345;0,1;    ;3,52;0,016;    ;0,005;1,2;    ;    ;    ;9,67;    ;    ;    ;    ;    ;    ;0,005;Pok-8;    ;    ;2002-10-02;    ;20;12,7;6,84;    ;0,05;0,3;0,016;15
Pok-2;    ;    ;2002-10-02;4,72;0,39;11,7;4,04;38,8;6,35;0,12;6,82;    ;0,01;    ;    ;0,05;0,13;    ;0,007;1;5;114;7,83;0,48;    ;    ;45,8;    ;    ;    ;Pok-2;    ;    ;2002-10-02;;0,015;1;1;    ;    ;    ;    ;0,1;11,7;0,005;    ;0,0005;0,033;1;    ;4,04;0,005;    ;0,005;0,39;    ;    ;    ;4,72;    ;    ;    ;    ;    ;    ;0,005;Pok-2;    ;    ;2002-10-02;    ;20;10,3;8,08;    ;0,18;0,3;0,007;15
Pok-5;    ;    ;2002-10-02;5,71;0,44;9,68;3,36;33;8,05;0,1;4,67;    ;0,01;    ;    ;0,05;0,19;    ;0,011;7;60;108;7,65;2,11;    ;    ;38;    ;    ;    ;Pok-5;    ;    ;2002-10-02;;0,064;1;1;    ;    ;    ;    ;0,1;9,68;0,001;    ;0,0005;0,219;1;    ;3,36;0,02;    ;0,005;0,44;    ;    ;    ;5,71;    ;    ;    ;    ;    ;    ;0,005;Pok-5;    ;    ;2002-10-02;    ;150;12,9;7,49;    ;0,24;0,38;0,011;15
Pok-7;    ;    ;2002-10-02;6,17;0,55;13,6;5,35;57,1;6,13;0,116;5,03;    ;0,018;    ;    ;0,05;0,05;    ;0,009;2,9;20;148;7,76;1,28;    ;    ;55,9;    ;    ;    ;Pok-7;    ;    ;2002-10-02;;0,026;1;1;    ;    ;    ;    ;0,1;13,6;0,0024;    ;0,0005;0,136;1;    ;5,35;0,016;    ;0,005;0,55;    ;    ;    ;6,17;    ;    ;    ;    ;    ;    ;0,005;Pok-7;    ;    ;2002-10-02;    ;700;10,7;6,1;    ;0,06;0,3;0,009;15
Pok-11;    ;    ;2002-10-02;4,98;0,55;9,63;4,12;36,3;5,96;0,1;5,36;    ;0,01;    ;    ;0,05;0,05;    ;0,008;1,3;5;106;7,38;0,6;    ;    ;41;    ;    ;    ;Pok-11;    ;    ;2002-10-02;;0,022;1;1;    ;    ;    ;    ;0,1;9,63;0,0007;    ;0,0005;0,063;1;    ;4,12;0,009;    ;0,005;0,55;    ;    ;    ;4,98;    ;    ;    ;    ;    ;    ;0,005;Pok-11;    ;    ;2002-10-02;    ;90;7,8;6,4;    ;0,09;0,3;0,008;15
Pok-12;    ;    ;2002-10-02;6,03;0,79;14,2;6,02;55,5;7,26;0,115;5,132;    ;0,024;    ;    ;0,05;0,05;    ;0,012;2,6;20;145;7,64;3,77;    ;    ;60,3;    ;    ;    ;Pok-12;    ;    ;2002-10-02;;0,039;1;1;    ;    ;    ;    ;0,1;14,2;0,002;    ;0,0009;0,443;1;    ;6,02;0,065;    ;0,005;0,79;    ;    ;    ;6,03;    ;    ;    ;    ;    ;    ;0,005;Pok-12;    ;    ;2002-10-02;    ;30;11,1;5,7;    ;0,05;0,3;0,012;15
Pok-10;    ;    ;2002-10-02;9,32;0,74;13,9;5,99;50,4;16,9;0,118;7,94;    ;0,012;    ;    ;0,05;0,13;    ;0,011;1,7;10;176;7,72;0,69;    ;    ;59,5;    ;    ;    ;Pok-10;    ;    ;2002-10-02;;0,016;1;1;    ;    ;    ;    ;0,1;13,9;0,0018;    ;0,0005;0,063;1;    ;5,99;0,008;    ;0,005;0,74;    ;    ;    ;9,32;    ;    ;    ;    ;    ;    ;0,005;Pok-10;    ;    ;2002-10-02;    ;10;10,8;6,8;    ;0,18;0,3;0,011;15
Pok-4;    ;    ;2002-10-31;2,24;0,39;7,64;1,42;28,2;2,11;0,1;2,37;    ;0,01;    ;    ;0,05;0,05;    ;0,006;1,5;5;70,9;7,36;0,58;    ;    ;25;    ;    ;    ;Pok-4;    ;    ;2002-10-31;;0,006;1;1;    ;    ;    ;    ;0,1;7,64;0,0008;    ;0,0005;0,02;1;    ;1,42;0,098;    ;0,005;0,39;    ;    ;    ;2,24;    ;    ;    ;    ;    ;    ;0,005;Pok-4;    ;    ;2002-10-31;    ;10;4,6;7,5;    ;0,08;0,3;0,006;15
Pok-6;    ;    ;2002-10-31;3,68;0,52;16,5;4,61;52,3;4,72;0,1;4,16;    ;0,01;    ;    ;0,05;0,07;    ;0,005;2,5;5;130;7,87;0,62;    ;    ;60,2;    ;    ;    ;Pok-6;    ;    ;2002-10-31;;0,02;1;1;    ;    ;    ;    ;0,1;16,5;0,0013;    ;0,0008;0,027;1;    ;4,61;0,005;    ;0,005;0,52;    ;    ;    ;3,68;    ;    ;    ;    ;    ;    ;0,005;Pok-6;    ;    ;2002-10-31;    ;10;1,7;8,3;    ;0,12;0,3;0,005;15
Pok-9;    ;    ;2002-10-31;3,16;0,6;9,89;5,12;48,3;4,31;0,1;4,8;    ;0,01;    ;    ;0,05;0,05;    ;0,005;2,7;20;122;7,82;0,87;    ;    ;45,8;    ;    ;    ;Pok-9;    ;    ;2002-10-31;;0,041;1;1;    ;    ;    ;    ;0,1;9,89;0,0013;    ;0,0006;0,084;1;    ;5,12;0,007;    ;0,005;0,6;    ;    ;    ;3,16;    ;    ;    ;    ;    ;    ;0,005;Pok-9;    ;    ;2002-10-31;    ;10;2,7;8,5;    ;0,09;0,3;0,005;15
Pok-1;    ;    ;2002-10-31;5,19;0,9;22,7;2,72;72,1;8,03;0,1;3,77;    ;0,01;    ;    ;0,05;0,05;    ;0,006;4,8;30;175;7,86;1,3;    ;    ;67,9;    ;    ;    ;Pok-1;    ;    ;2002-10-31;;0,076;1;1;    ;    ;    ;    ;0,1;22,7;0,0015;    ;0,0019;0,123;1;    ;2,72;0,016;    ;0,005;0,9;    ;    ;    ;5,19;    ;    ;    ;    ;    ;    ;0,005;Pok-1;    ;    ;2002-10-31;    ;10;2,5;8,2;    ;0,06;0,3;0,006;15
Pok-1;    ;    ;2002-10-31;5,04;0,86;22,1;2,64;71,1;7,57;0,1;3,64;    ;0,01;    ;    ;0,05;0,05;    ;0,007;4,8;30;176;7,87;1,14;    ;    ;66;    ;    ;    ;Pok-1;    ;    ;2002-10-31;;0,075;1;1;    ;    ;    ;    ;0,1;22,1;0,002;    ;0,0007;0,121;1;    ;2,64;0,016;    ;0,005;0,86;    ;    ;    ;5,04;    ;    ;    ;    ;    ;    ;0,005;Pok-1;    ;    ;2002-10-31;    ;10;2,5;8,2;    ;0,06;0,3;0,007;15
Pok-3;    ;    ;2002-10-31;3,32;0,59;13,6;3,05;    ;3,19;0,1;2,66;    ;0,015;    ;    ;0,05;0,05;    ;0,005;3,2;    ;126;    ;    ;    ;    ;    ;    ;    ;    ;Pok-3;    ;    ;2002-10-31;;0,038;1;1;    ;    ;    ;    ;0,1;13,6;0,0014;    ;0,0007;0,101;1;    ;3,05;0,024;    ;0,005;0,59;    ;    ;    ;3,32;    ;    ;    ;    ;    ;    ;0,005;Pok-3;    ;    ;2002-10-31;    ;10;    ;    ;    ;0,07;0,3;0,005;    
Pok-8;    ;    ;2002-10-31;6,53;0,91;10,1;2,02;32,2;9,88;0,1;6,06;    ;0,01;    ;    ;0,05;0,23;    ;0,013;10;60;120;7,55;8,74;    ;    ;33,5;    ;    ;    ;Pok-8;    ;    ;2002-10-31;;0,175;1;1;    ;    ;    ;    ;0,1;10,1;0,0009;    ;0,0017;0,307;1;    ;2,02;0,009;    ;0,005;0,91;    ;    ;    ;6,53;    ;    ;    ;    ;    ;    ;0,005;Pok-8;    ;    ;2002-10-31;    ;10;1,6;8,3;    ;0,28;0,45;0,013;15
Pok-2;    ;    ;2002-10-31;4,1;0,57;9,98;3,57;40,1;6,42;0,111;7,07;    ;0,01;    ;    ;0,05;0,15;    ;0,005;1,1;5;118;7,77;0,41;    ;    ;39,6;    ;    ;    ;Pok-2;    ;    ;2002-10-31;;0,013;1;1;    ;    ;    ;    ;0,1;9,98;0,0008;    ;0,0016;0,02;1;    ;3,57;0,005;    ;0,005;0,57;    ;    ;    ;4,1;    ;    ;    ;    ;    ;    ;0,005;Pok-2;    ;    ;2002-10-31;    ;50;2,7;8,6;    ;0,2;0,3;0,005;15
Pok-5;    ;    ;2002-10-31;5,15;0,54;8,11;2,81;28;9,13;0,1;4,99;    ;0,01;    ;    ;0,05;0,22;    ;0,009;10,8;75;103;7,44;1,5;    ;    ;31,8;    ;    ;    ;Pok-5;    ;    ;2002-10-31;;0,109;1;1;    ;    ;    ;    ;0,1;8,11;0,0007;    ;0,0005;0,25;1;    ;2,81;0,012;    ;0,005;0,54;    ;    ;    ;5,15;    ;    ;    ;    ;    ;    ;0,005;Pok-5;    ;    ;2002-10-31;    ;30;2,3;7,6;    ;0,27;0,38;0,009;15
Pok-7;    ;    ;2002-10-31;5,83;0,68;10,8;4,58;39,9;8,36;0,1;7,02;    ;0,01;    ;    ;0,05;0,08;    ;0,008;11,3;60;129;7,58;1,44;    ;    ;45,9;    ;    ;    ;Pok-7;    ;    ;2002-10-31;;0,107;1;1;    ;    ;    ;    ;0,1;10,8;0,0011;    ;0,001;0,197;1;    ;4,58;0,015;    ;0,005;0,68;    ;    ;    ;5,83;    ;    ;    ;    ;    ;    ;0,005;Pok-7;    ;    ;2002-10-31;    ;40;2,7;7;    ;0,14;0,3;0,008;15
Pok-11;    ;    ;2002-10-31;4,82;0,62;8,22;3,64;34;7,18;0,1;6,02;    ;0,01;    ;    ;0,05;0,13;    ;0,005;2,5;15;107;7,56;0,9;    ;    ;35,5;    ;    ;    ;Pok-11;    ;    ;2002-10-31;;0,046;1;1;    ;    ;    ;    ;0,1;8,22;0,0008;    ;0,0005;0,062;1;    ;3,64;0,006;    ;0,005;0,62;    ;    ;    ;4,82;    ;    ;    ;    ;    ;    ;0,005;Pok-11;    ;    ;2002-10-31;    ;10;4,4;8;    ;0,18;0,3;0,005;15
Pok-12;    ;    ;2002-10-31;5,6;0,85;11,4;4,97;49,9;8,23;0,102;5,45;    ;0,016;    ;    ;0,05;0,05;    ;0,008;4,2;30;141;7,69;2,88;    ;    ;49;    ;    ;    ;Pok-12;    ;    ;2002-10-31;;0,058;1;1;    ;    ;    ;    ;0,1;11,4;0,001;    ;0,0009;0,362;1;    ;4,97;0,063;    ;0,005;0,85;    ;    ;    ;5,6;    ;    ;    ;    ;    ;    ;0,005;Pok-12;    ;    ;2002-10-31;    ;10;3,3;7,4;    ;0,09;0,3;0,008;15
Pok-10;    ;    ;2002-10-31;10;0,81;14,5;6,49;47,6;17,4;0,113;7,85;    ;0,01;    ;    ;0,05;0,19;    ;0,006;2,2;5;176;7,78;1,06;    ;    ;62,9;    ;    ;    ;Pok-10;    ;    ;2002-10-31;;0,024;1;1;    ;    ;    ;    ;0,1;14,5;0,0011;    ;0,0022;0,045;1;    ;6,49;0,007;    ;0,005;0,81;    ;    ;    ;10;    ;    ;    ;    ;    ;    ;0,005;Pok-10;    ;    ;2002-10-31;    ;10;2,7;7,6;    ;0,24;0,13;0,006;15
POK-4;406334-01;17/21/22000;2021-07-28;2,08;0,36;7,41;1,3;28;2,3;0,11;1;0,01;0,05;0,001;0,12;0,05;0,12;0,4;0,022;1,7;11;60;6,8;0,9;28;0,017;23,9;34;9;-2,18;POK-4;406334-01;17/21/22000;2021-07-28;;0,027;0,0001;0,001;0,095;0,0001;0,001;0,004;0,00001;7,41;0,001;0,0001;0,001;0,34;0,0001;0,0004;1,3;0,785;0,0001;0,001;0,36;0,0004;0,001;0,0001;2,08;0,028;0,0001;0,0001;0,0001;0,0001;0,001;0,001;POK-4;406334-01;17/21/22000;28-juil-21;9:02:00 AM;10;11,2;9,22;0,0588;    ;    ;    ;    
POK-6;406334-02;17/21/22001;2021-07-28;3,47;0,45;13,2;4;54;6;0,14;1;0,01;0,05;0,001;0,05;0,05;0,05;0,2;0,019;2,2;14;122;7,4;1,4;53,9;0,127;49,4;63;8,5;-1,08;POK-6;406334-02;17/21/22001;2021-07-28;;0,038;0,0001;0,001;0,049;0,0001;0,001;0,004;0,00001;13,2;0,001;0,0001;0,001;0,06;0,0001;0,0008;4;0,007;0,0001;0,001;0,45;0,0003;0,001;0,0001;3,47;0,04;0,0001;0,0001;0,0001;0,0001;0,001;0,001;POK-6;406334-02;17/21/22001;28-juil-21;9:24:00 AM;30;15,7;9,04;0,115;    ;    ;    ;    
POK-9;406334-03;17/21/22002;2021-07-28;3,4;0,45;10;5,14;48;5,1;0,12;3;0,02;0,05;0,001;0,18;0,05;0,18;0,2;0,014;1,5;9;109;7,6;1,7;47,8;0,179;46,1;59;8,6;-1,05;POK-9;406334-03;17/21/22002;2021-07-28;;0,061;0,0001;0,001;0,06;0,0001;0,001;0,005;0,00001;10;0,001;0,0001;0,001;0,16;0,0001;0,0009;5,14;0,026;0,0001;0,001;0,45;0,0003;0,001;0,0001;3,4;0,041;0,0001;0,0001;0,0001;0,0001;0,001;0,001;POK-9;406334-03;17/21/22002;28-juil-21;9:39:00 AM;20;11,9;10,29;0,1026;    ;    ;    ;    
POK-1;406334-04;17/21/22003;2021-07-28;4,76;0,73;23,3;2,73;78;7,3;0,11;1;0,02;0,05;0,001;0,08;0,05;0,08;0,2;0,016;2,2;15;177;7,6;2,3;77,7;0,291;69,4;89;8,1;-0,49;POK-1;406334-04;17/21/22003;2021-07-28;;0,057;0,0001;0,001;0,116;0,0001;0,001;0,007;0,00001;23,3;0,001;0,0001;0,001;0,26;0,0001;0,0005;2,73;0,147;0,0001;0,001;0,73;0,0006;0,001;0,0001;4,76;0,152;0,0001;0,0001;0,0001;0,0001;0,001;0,001;POK-1;406334-04;17/21/22003;28-juil-21;10:02:00 AM;75;14;8,43;0,1651;    ;    ;    ;    
POK-3;406334-05;17/21/22004;2021-07-28;3,19;0,49;13,8;3,06;50;4,5;0,11;1;0,02;0,05;0,001;0,05;0,05;0,05;0,3;0,022;2,9;19;119;7,6;1,8;49,8;0,186;47,1;59;8,5;-0,89;POK-3;406334-05;17/21/22004;2021-07-28;;0,032;0,0001;0,001;0,064;0,0001;0,001;0,006;0,00001;13,8;0,001;0,0001;0,001;0,24;0,0001;0,0006;3,06;0,094;0,0001;0,001;0,49;0,0005;0,001;0,0001;3,19;0,078;0,0001;0,0001;0,0001;0,0001;0,001;0,001;POK-3;406334-05;17/21/22004;28-juil-21;10:22:00 AM;74;15,5;8,51;0,1104;    ;    ;    ;    
POK-8;406334-06;17/21/22005;2021-07-28;7,8;0,8;13,3;2,84;50;7,7;0,17;7;0,03;0,05;0,001;0,17;0,05;0,17;0,3;0,028;4,2;34;131;7,7;3,5;49,7;0,234;44,9;76;8,5;-0,81;POK-8;406334-06;17/21/22005;2021-07-28;;0,052;0,0001;0,001;0,062;0,0001;0,001;0,013;0,00001;13,3;0,001;0,0001;0,001;0,54;0,0002;0,001;2,84;0,026;0,0001;0,001;0,8;0,0006;0,001;0,0001;7,8;0,077;0,0001;0,0001;0,0001;0,0001;0,001;0,001;POK-8;406334-06;17/21/22005;28-juil-21;10:44:00 AM;98;14,2;9,29;0,124;    ;    ;    ;    
POK-2;406334-07;17/21/22006;2021-07-28;4,77;0,52;10,5;3,69;39;7,1;0,14;6;0,01;0,05;0,001;0,11;0,05;0,11;0,2;0,018;1,2;8;109;7,5;1,2;38,9;0,116;41,4;58;8,7;-1,22;POK-2;406334-07;17/21/22006;2021-07-28;;0,036;0,0001;0,001;0,05;0,0001;0,001;0,005;0,00001;10,5;0,001;0,0001;0,001;0,17;0,0001;0,001;3,69;0,042;0,0001;0,001;0,52;0,0003;0,001;0,0001;4,77;0,032;0,0001;0,0001;0,0001;0,0001;0,001;0,001;POK-2;406334-07;17/21/22006;28-juil-21;11:04:00 AM;20;11,5;9,68;0,1016;    ;    ;    ;    
POK-5;406334-08;17/21/22007;2021-07-28;6,06;0,56;10,2;3,46;39;8,6;0,17;3;0,02;0,05;0,001;0,21;0,05;0,21;0,3;0,026;2,5;29;115;7,6;1,9;38,8;0,145;39,7;60;8,7;-1,13;POK-5;406334-08;17/21/22007;2021-07-28;;0,038;0,0001;0,001;0,08;0,0001;0,001;0,009;0,00001;10,2;0,001;0,0001;0,001;0,33;0,0002;0,0014;3,46;0,084;0,0001;0,001;0,56;0,0005;0,001;0,0001;6,06;0,033;0,0001;0,0001;0,0001;0,0001;0,001;0,001;POK-5;406334-08;17/21/22007;28-juil-21;11:32:00 AM;75;16,9;8,7;0,1098;    ;    ;    ;    
POK-7;406334-09;17/21/22008;2021-07-28;5,54;0,5;12,1;4,45;54;6,3;0,16;3;0,02;0,05;0,001;0,06;0,05;0,06;0,2;0,017;3,4;27;128;7,6;1,1;53,8;0,201;48,5;69;8,5;-0,92;POK-7;406334-09;17/21/22008;2021-07-28;;0,026;0,0001;0,001;0,074;0,0001;0,001;0,009;0,00001;12,1;0,001;0,0001;0,001;0,23;0,0001;0,0019;4,45;0,025;0,0001;0,001;0,5;0,0004;0,001;0,0001;5,54;0,026;0,0001;0,0001;0,0001;0,0001;0,001;0,001;POK-7;406334-08;17/21/22008;28-juil-21;12:29:00 PM;52;12,1;9,84;0,1192;    ;    ;    ;    
POK-11;406334-10;17/21/22009;2021-07-28;4,47;0,55;7,43;3,23;33;6,7;0,11;4;0,02;0,05;0,001;0,06;0,05;0,06;0,2;0,014;1,4;7;90;7,2;0,7;32,9;0,049;31,9;48;8,9;-1,73;POK-11;406334-10;17/21/22009;2021-07-28;;0,021;0,0001;0,001;0,037;0,0001;0,001;0,008;0,00001;7,43;0,001;0,0001;0,001;0,07;0,0001;0,001;3,23;0,01;0,0001;0,001;0,55;0,0004;0,001;0,0001;4,47;0,033;0,0001;0,0001;0,0001;0,0001;0,001;0,001;POK-11;406334-10;17/21/22009;28-juil-21;12:50:00 PM;10;11,7;9,73;0,0847;    ;    ;    ;    
POK-12;406334-11;17/21/22010;2021-07-28;5,63;0,79;13,4;5,46;58;9,2;0,25;4;0,02;0,05;0,001;0,08;0,05;0,08;0,2;0,024;2,1;22;139;7,6;1,6;57,8;0,216;55,9;77;8,4;-0,85;POK-12;406334-11;17/21/22010;2021-07-28;;0,041;0,0001;0,001;0,052;0,0001;0,001;0,012;0,00001;13,4;0,001;0,0001;0,001;0,3;0,0001;0,0016;5,46;0,035;0,0001;0,001;0,79;0,0005;0,001;0,0001;5,63;0,067;0,0001;0,0001;0,0001;0,0001;0,001;0,001;POK-12;406334-11;17/21/22010;28-juil-21;1:13:00 AM;52;16,1;9,38;0,1316;    ;    ;    ;    
POK-10;406334-12;17/21/22011;2021-07-28;11,1;0,84;11,3;5,02;37;26,1;0,14;5;0,02;0,05;0,001;0,4;0,05;0,4;0,4;0,051;1,6;8;166;7,6;1,2;36,8;0,138;48,9;86;8,7;-1,12;POK-10;406334-12;17/21/22011;2021-07-28;;0,042;0,0001;0,001;0,045;0,0001;0,001;0,008;0,00001;11,3;0,001;0,0001;0,001;0,11;0,0001;0,001;5,02;0,037;0,0001;0,001;0,84;0,0005;0,001;0,0001;11,1;0,051;0,0001;0,0001;0,0001;0,0001;0,001;0,001;POK-10;406334-12;17/21/22011;28-juil-21;1:22:00 AM;98;14,6;9,81;0,1555;    ;    ;    ;    
POK-4;411133-01;17/21/22012;2021-08-31;2,28;0,36;7,88;1,46;30;2,5;0,09;1;0,01;0,05;0,001;0,1;0,05;0,1;0,2;0,008;1,6;10;70;7,1;1,5;30;0,036;25,7;37;8,9;-1,83;POK-4;411133-01;17/21/22012;2021-08-31;;0,01;0,0001;0,001;0,104;0,0001;0,001;0,004;0,00001;7,88;0,001;0,0001;0,001;0,34;0,0001;0,0004;1,46;0,714;0,0001;0,001;0,36;0,0005;0,001;0,0001;2,28;0,034;0,0001;0,0001;0,0001;0,0001;0,001;0,001;POK-4;411133-01;17/21/22012;31-Aug-21;9:05:00 AM;15,6;10,8;8,7;0,0651;    ;    ;    ;    
POK-6;411133-02;17/21/22013;2021-08-31;3,49;0,48;13,5;3,99;53;6;0,14;2;0,01;0,05;0,001;0,05;0,05;0,05;0,2;0,016;2,2;18;129;7,8;2,6;52,7;0,313;50,1;64;8,5;-0,68;POK-6;411133-02;17/21/22013;2021-08-31;;0,046;0,0001;0,001;0,055;0,0001;0,001;0,005;0,00001;13,5;0,001;0,0001;0,001;0,07;0,0001;0,0008;3,99;0,01;0,0001;0,001;0,48;0,0004;0,001;0,0001;3,49;0,044;0,0001;0,0001;0,0001;0,0001;0,001;0,001;POK-6;411133-02;17/21/22013;31-Aug-21;9:19:00 AM;25,6;14,9;9,14;0,1176;    ;    ;    ;    
POK-9;411133-03;17/21/22014;2021-08-31;3,38;0,47;9,7;5,33;48;5,3;0,09;4;0,02;0,05;0,001;0,14;0,05;0,14;0,2;0,012;1,6;8;118;7,8;2;47,7;0,283;46,2;60;8,7;-0,86;POK-9;411133-03;17/21/22014;2021-08-31;;0,061;0,0001;0,001;0,071;0,0001;0,001;0,005;0,00001;9,7;0,001;0,0001;0,001;0,16;0,0001;0,0009;5,33;0,023;0,0001;0,001;0,47;0,0004;0,001;0,0001;3,38;0,042;0,0001;0,0001;0,0001;0,0001;0,001;0,001;POK-9;411133-03;17/21/22014;31-Aug-21;9:37:00 AM;67,7;11,7;10,42;0,1076;    ;    ;    ;    
POK-1;411133-04;17/21/22015;2021-08-31;5,8;0,84;27,3;3,06;88;7,9;0,11;3;0,02;0,05;0,001;0,05;0,05;0,05;0,2;0,016;2,8;12;199;7,5;5,6;87,7;0,261;80,8;105;8;-0,48;POK-1;411133-04;17/21/22015;2021-08-31;;0,075;0,0001;0,001;0,149;0,0001;0,001;0,01;0,00001;27,3;0,001;0,0001;0,001;0,35;0,0001;0,0006;3,06;0,149;0,0001;0,001;0,84;0,0008;0,001;0,0001;5,8;0,177;0,0001;0,0001;0,0001;0,0001;0,001;0,001;POK-1;411133-04;17/21/22015;31-Aug-21;10:04:00 AM;72,7;13,7;7,94;0,1817;    ;    ;    ;    
POK-3;411133-05;17/21/22016;2021-08-31;3,57;0,56;15,3;3,29;55;4,8;0,15;1;0,02;0,05;0,001;0,06;0,05;0,06;0,2;0,009;3,6;20;125;7,8;1,7;54,6;0,324;51,8;65;8,4;-0,61;POK-3;411133-05;17/21/22016;2021-08-31;;0,04;0,0001;0,001;0,08;0,0001;0,001;0,007;0,00001;15,3;0,001;0,0001;0,001;0,25;0,0001;0,0006;3,29;0,118;0,0001;0,001;0,56;0,0006;0,001;0,0001;3,57;0,087;0,0001;0,0001;0,0001;0,0001;0,001;0,001;POK-3;411133-05;17/21/22016;31-Aug-21;10:26:00 AM;54,5;15;8,83;0,115;    ;    ;    ;    
POK-8;411133-06;17/21/22017;2021-08-31;9,1;1,08;15,7;3,24;57;8,9;0,18;9;0,03;0,05;0,001;0,12;0,05;0,12;0,2;0,015;3,8;24;161;7,8;3;56,6;0,336;52,5;87;8,4;-0,59;POK-8;411133-06;17/21/22017;2021-08-31;;0,04;0,0001;0,001;0,084;0,0001;0,001;0,018;0,00001;15,7;0,001;0,0001;0,001;0,42;0,0001;0,0012;3,24;0,032;0,0002;0,001;1,08;0,0008;0,001;0,0001;9,1;0,101;0,0001;0,0001;0,0001;0,0001;0,001;0,001;POK-8;411133-06;17/21/22017;31-Aug-21;10:51:00 AM;148,3;14,6;8,18;0,1478;    ;    ;    ;    
POK-2;411133-07;17/21/22018;2021-08-31;4,87;0,57;10,5;3,89;41;6,9;0,13;6;0,02;0,05;0,001;0,12;0,05;0,12;0,2;0,011;1;5;116;7,6;0,7;40,8;0,153;42,2;60;8,7;-1,09;POK-2;411133-07;17/21/22018;2021-08-31;;0,031;0,0001;0,001;0,068;0,0001;0,001;0,006;0,00001;10,5;0,001;0,0001;0,001;0,12;0,0001;0,001;3,89;0,044;0,0001;0,001;0,57;0,0004;0,001;0,0001;4,87;0,04;0,0001;0,0001;0,0001;0,0001;0,001;0,001;POK-2;411133-07;17/21/22018;31-Aug-21;11:15:00 AM;235,9;11;10,16;0,1056;    ;    ;    ;    
POK-5;411133-08;17/21/22019;2021-08-31;5,79;0,55;9,24;3,15;38;8,5;0,17;2;0,02;0,05;0,001;0,21;0,05;0,21;0,3;0,029;3,7;37;114;7,7;3,2;37,8;0,178;36;58;8,8;-1,08;POK-5;411133-08;17/21/22019;2021-08-31;;0,036;0,0001;0,001;0,085;0,0001;0,001;0,01;0,00001;9,24;0,001;0,0001;0,001;0,4;0,0001;0,0013;3,15;0,08;0,0001;0,001;0,55;0,0006;0,001;0,0001;5,79;0,033;0,0001;0,0001;0,0001;0,0001;0,001;0,001;POK-5;411133-08;17/21/22019;31-Aug-21;11:46:00 AM;70,3;16,4;8,54;0,1055;    ;    ;    ;    
POK-7;411133-09;17/21/22020;2021-08-31;5,73;0,7;14,3;5,71;55;6,2;0,15;4;0,03;0,05;0,001;0,05;0,05;0,05;0,2;0,006;2,7;14;138;7,8;1,1;54,6;0,324;59,2;73;8,4;-0,64;POK-7;411133-09;17/21/22020;2021-08-31;;0,024;0,0001;0,001;0,091;0,0001;0,001;0,01;0,00001;14,3;0,001;0,0001;0,001;0,16;0,0001;0,0018;5,71;0,023;0,0001;0,001;0,7;0,0006;0,001;0,0001;5,73;0,029;0,0001;0,0001;0,0001;0,0001;0,001;0,001;POK-7;411133-08;17/21/22020;31-Aug-21;12:31:00 PM;68,3;12,8;10,03;0,1274;    ;    ;    ;    
POK-11;411133-10;17/21/22021;2021-08-31;4,72;0,53;7,92;3,44;34;6,6;0,12;4;0,02;0,05;0,001;0,06;0,05;0,06;0,2;0,005;1,2;5;96;7,3;0,5;33,9;0,064;33,9;50;8,9;-1,59;POK-11;411133-10;17/21/22021;2021-08-31;;0,021;0,0001;0,001;0,044;0,0001;0,001;0,009;0,00001;7,92;0,001;0,0001;0,001;0,08;0,0001;0,0011;3,44;0,011;0,0001;0,001;0,53;0,0005;0,001;0,0001;4,72;0,038;0,0001;0,0001;0,0001;0,0001;0,001;0,001;POK-11;411133-10;17/21/22021;31-Aug-21;12:56:00 PM;39,3;12;11,07;0,0895;    ;    ;    ;    
POK-12;411133-11;17/21/22022;2021-08-31;5,94;0,85;13,8;5,89;59;11,3;0,15;5;0,02;0,05;0,001;0,08;0,05;0,08;0,2;0,014;2,5;14;152;7,6;1,7;58,8;0,22;58,7;82;8,4;-0,83;POK-12;411133-11;17/21/22022;2021-08-31;;0,052;0,0001;0,001;0,067;0,0001;0,001;0,014;0,00001;13,8;0,001;0,0001;0,001;0,27;0,0001;0,0017;5,89;0,037;0,0001;0,001;0,85;0,0006;0,001;0,0001;5,94;0,082;0,0001;0,0001;0,0001;0,0001;0,001;0,001;POK-12;411133-11;17/21/22022;31-Aug-21;1:18:00 AM;49,6;15;9,51;0,1395;    ;    ;    ;    
POK-10;411133-12;17/21/22023;2021-08-31;12,5;1,11;12,7;5,48;40;32,4;0,19;5;0,02;0,05;0,001;0,32;0,05;0,32;0,4;0,073;2;8;196;7,8;1,7;39,7;0,235;54,3;97;8,6;-0,84;POK-10;411133-12;17/21/22023;2021-08-31;;0,046;0,0001;0,001;0,064;0,0001;0,001;0,013;0,00001;12,7;0,001;0,0001;0,001;0,15;0,0001;0,0012;5,48;0,059;0,0001;0,001;1,11;0,0008;0,001;0,0001;12,5;0,075;0,0001;0,0001;0,0001;0,0001;0,001;0,001;POK-10;411133-12;17/21/22023;31-Aug-21;1:30:00 AM;117,8;15,7;8,15;0,1788;    ;    ;    ;    
POK-4;415834-01;17/21/22024;2021-10-05;1,98;0,33;5,95;1,07;20;2,5;0,14;2;0,01;0,05;0,001;0,11;0,05;0,11;0,2;0,008;2,7;21;52;6,8;1;20;0,012;19,3;30;9,2;-2,42;POK-4;415834-01;17/21/22024;2021-10-05;;0,042;0,0001;0,001;0,073;0,0001;0,001;0,005;0,00001;5,95;0,001;0,0001;0,001;0,23;0,0001;0,0004;1,07;0,331;0,0001;0,001;0,33;0,0005;0,001;0,0001;1,98;0,022;0,0001;0,0001;0,0001;0,0001;0,001;0,001;POK-4;415834-01;17/21/22024;05-oct-21;9:02:00 AM;10,8;7,4;10,75;0,0479;    ;    ;    ;    
POK-6;415834-02;17/21/22025;2021-10-05;3,5;0,48;13,1;3,93;44;5,3;0,21;3;0,01;0,05;0,001;0,06;0,05;0,06;0,2;0,01;3,4;22;114;7,1;1,4;43,9;0,052;48,9;60;8,6;-1,47;POK-6;415834-02;17/21/22025;2021-10-05;;0,069;0,0001;0,001;0,056;0,0001;0,001;0,004;0,00001;13,1;0,001;0,0001;0,001;0,09;0,0001;0,0009;3,93;0,01;0,0001;0,001;0,48;0,0004;0,001;0,0001;3,5;0,041;0,0001;0,0001;0,0001;0,0001;0,001;0,001;POK-6;415834-02;17/21/22025;05-oct-21;9:22:00 AM;24,6;7;11,19;0,1035;    ;    ;    ;    
POK-9;415834-03;17/21/22026;2021-10-05;3,31;0,47;8,3;4,18;36;5,4;0,32;3;0,02;0,05;0,001;0,22;0,05;0,22;0,3;0,011;3,6;33;95;7,2;1,4;35,9;0,053;37,9;52;8,8;-1,64;POK-9;415834-03;17/21/22026;2021-10-05;;0,098;0,0001;0,001;0,064;0,0001;0,001;0,005;0,00001;8,3;0,001;0,0001;0,001;0,16;0,0001;0,0009;4,18;0,017;0,0001;0,001;0,47;0,0004;0,001;0,0001;3,31;0,035;0,0001;0,0001;0,0001;0,0001;0,001;0,001;POK-9;415834-03;17/21/22026;05-oct-21;9:38:00 AM;27,5;6,4;11,4;0,0869;    ;    ;    ;    
POK-1;415834-04;17/21/22027;2021-10-05;3,82;0,61;11,6;1,51;35;5,1;0,2;2;0,02;0,05;0,001;0,05;0,05;0,05;0,2;0,019;5,3;44;91;7,2;3,7;34,9;0,052;35,2;52;8,7;-1,51;POK-1;415834-04;17/21/22027;2021-10-05;;0,145;0,0001;0,001;0,082;0,0001;0,001;0,005;0,00001;11,6;0,001;0,0001;0,001;0,29;0,0001;0,0005;1,51;0,057;0,0001;0,001;0,61;0,0006;0,001;0,0001;3,82;0,077;0,0001;0,0001;0,0001;0,0001;0,001;0,001;POK-1;415834-04;17/21/22027;05-oct-21;10:01:00 AM;35,5;7,3;10,74;0,0833;    ;    ;    ;    
POK-3;415834-05;17/21/22028;2021-10-05;2,97;0,47;10,4;2,37;36;4,2;0,2;2;0,01;0,05;0,001;0,05;0,05;0,05;0,2;0,015;4,9;38;86;7,6;1,7;35,8;0,134;35,7;50;8,7;-1,14;POK-3;415834-05;17/21/22028;2021-10-05;;0,092;0,0001;0,001;0,062;0,0001;0,001;0,005;0,00001;10,4;0,001;0,0001;0,001;0,23;0,0001;0,0006;2,37;0,09;0,0001;0,001;0,47;0,0005;0,001;0,0001;2,97;0,055;0,0001;0,0001;0,0001;0,0001;0,001;0,001;POK-3;415834-05;17/21/22028;05-oct-21;10:25:00 AM;37,3;7,9;10,4;0,0826;    ;    ;    ;    
POK-8;415834-06;17/21/22029;2021-10-05;4,64;0,57;7,04;1,44;25;5,8;0,21;3;0,02;0,05;0,001;0,13;0,05;0,13;0,4;0,024;5,5;47;72;7,5;4,2;24,9;0,074;23,5;44;9,1;-1,56;POK-8;415834-06;17/21/22029;2021-10-05;;0,152;0,0001;0,001;0,057;0,0001;0,001;0,006;0,00001;7,04;0,001;0,0001;0,001;0,31;0,0001;0,0006;1,44;0,026;0,0001;0,001;0,57;0,0005;0,001;0,0001;4,64;0,038;0,0001;0,0001;0,0001;0,0001;0,001;0,001;POK-8;415834-06;17/21/22029;05-oct-21;10:51:00 AM;135,4;8;11,17;0,067;    ;    ;    ;    
POK-2;415834-07;17/21/22030;2021-10-05;4,41;0,47;8,93;3,06;33;6,6;0,11;5;0,02;0,05;0,001;0,17;0,05;0,17;0,2;0,007;1,7;8;98;7,6;0,7;32,9;0,123;34,9;51;8,9;-1,25;POK-2;415834-07;17/21/22030;2021-10-05;;0,048;0,0001;0,001;0,056;0,0001;0,001;0,005;0,00001;8,93;0,001;0,0001;0,001;0,06;0,0001;0,001;3,06;0,015;0,0001;0,001;0,47;0,0003;0,001;0,0001;4,41;0,031;0,0001;0,0001;0,0001;0,0001;0,001;0,001;POK-2;415834-07;17/21/22030;05-oct-21;11:13:00 AM;41,7;6,3;12,14;0,0891;    ;    ;    ;    
POK-5;415834-08;17/21/22031;2021-10-05;5,6;0,51;8,12;2,67;27;8,4;0,4;4;0,02;0,05;0,001;0,33;0,05;0,33;0,4;0,025;9,6;141;90;7,4;1,8;26,9;0,064;31,3;58;9;-1,57;POK-5;415834-08;17/21/22031;2021-10-05;;0,155;0,0001;0,001;0,074;0,0001;0,001;0,008;0,00001;8,12;0,001;0,0001;0,001;0,46;0,0004;0,0014;2,67;0,085;0,0001;0,001;0,51;0,0006;0,001;0,0001;5,6;0,028;0,0001;0,0001;0,0001;0,0001;0,001;0,002;POK-5;415834-08;17/21/22031;05-oct-21;11:47:00 AM;95,9;7,9;10,87;0,0837;    ;    ;    ;    
POK-7;415834-09;17/21/22032;2021-10-05;4,13;0,43;6,55;2,57;23;6,5;0,55;3;0,03;0,05;0,001;0,05;0,05;0,05;0,5;0,019;18,4;190;70;7,2;1,2;23;0,034;26,9;57;9,1;-1,93;POK-7;415834-09;17/21/22032;2021-10-05;;0,308;0,0001;0,001;0,052;0,0001;0,001;0,007;0,00002;6,55;0,001;0,0001;0,001;0,56;0,0002;0,0012;2,57;0,032;0,0001;0,001;0,43;0,0006;0,001;0,0001;4,13;0,02;0,0001;0,0001;0,0001;0,0001;0,001;0,003;POK-7;415834-08;17/21/22032;05-oct-21;12:35:00 PM;29,5;9;10,42;0,0646;    ;    ;    ;    
POK-11;415834-10;17/21/22033;2021-10-05;4,54;0,48;5,64;2,47;21;7,2;0,3;3;0,03;0,05;0,001;0,12;0,05;0,12;0,2;0,012;7;66;74;7,1;0,9;21;0,025;24,3;44;9,2;-2,13;POK-11;415834-10;17/21/22033;2021-10-05;;0,126;0,0001;0,001;0,04;0,0001;0,001;0,006;0,00001;5,64;0,001;0,0001;0,001;0,23;0,0001;0,0009;2,47;0,015;0,0002;0,001;0,48;0,0005;0,001;0,0001;4,54;0,024;0,0001;0,0001;0,0001;0,0001;0,001;0,001;POK-11;415834-10;17/21/22033;05-oct-21;1:01:00 AM;47,1;8,5;10,27;0,0685;    ;    ;    ;    
POK-12;415834-11;17/21/22034;2021-10-05;4,8;0,59;7,9;3,21;32;11;0,2;1;0,02;0,05;0,001;0,09;0,05;0,09;0,2;0,018;5,7;55;96;7,3;1,8;31,9;0,06;32,9;54;8,9;-1,61;POK-12;415834-11;17/21/22034;2021-10-05;;0,125;0,0001;0,001;0,042;0,0001;0,001;0,007;0,00001;7,9;0,001;0,0001;0,001;0,3;0,0002;0,0011;3,21;0,044;0,0001;0,001;0,59;0,0005;0,001;0,0001;4,8;0,042;0,0001;0,0001;0,0001;0,0001;0,001;0,001;POK-12;415834-11;17/21/22034;05-oct-21;1:23:00 AM;54,8;8,7;10,86;0,0874;    ;    ;    ;    
POK-10;415834-12;17/21/22035;2021-10-05;9,56;0,77;8,25;3,5;28;21,4;0,19;2;0,02;0,05;0,001;0,38;0,05;0,38;0,4;0,037;3,2;19;128;7,5;1,8;27,9;0,083;35;68;9;-1,46;POK-10;415834-12;17/21/22035;2021-10-05;;0,097;0,0001;0,001;0,051;0,0001;0,001;0,007;0,00001;8,25;0,001;0,0001;0,001;0,16;0,0001;0,0008;3,5;0,033;0,0001;0,001;0,77;0,0006;0,001;0,0001;9,56;0,037;0,0001;0,0001;0,0001;0,0001;0,001;0,001;POK-10;415834-12;17/21/22035;05-oct-21;1:34:00 AM;62,7;8,7;11,29;0,119;    ;    ;    ;    
POK-4;419000-01;17/21/22036;2021-10-28;2,29;0,35;6,09;1,09;21;2,2;0,15;1;0,01;0,05;0,001;0,13;0,05;0,13;0,5;0,013;2,5;13;54;7,5;0,6;20,9;0,062;19,7;29;9,2;-1,69;POK-4;419000-01;17/21/22036;2021-10-28;;0,023;0,0001;0,001;0,071;0,0001;0,001;0,005;0,00001;6,09;0,001;0,0001;0,001;0,2;0,0001;0,0004;1,09;0,294;0,0001;0,001;0,35;0,0004;0,001;0,0001;2,29;0,023;0,0001;0,0001;0,0001;0,0001;0,001;0,001;POK-4;419000-01;17/21/22036;28-oct-21;9:03:00 AM;14,6;7,2;10,8;0,0494;    ;    ;    ;    
POK-6;419000-02;17/21/22037;2021-10-28;3,3;0,46;13,2;3,69;49;5,6;0,17;1;0,01;0,05;0,001;0,08;0,05;0,08;0,3;0,011;2,5;13;118;7,6;0,6;48,8;0,183;48,2;59;8,5;-0,92;POK-6;419000-02;17/21/22037;2021-10-28;;0,05;0,0001;0,001;0,055;0,0001;0,001;0,004;0,00001;13,2;0,001;0,0001;0,001;0,07;0,0001;0,0009;3,69;0,008;0,0001;0,001;0,46;0,0003;0,001;0,0001;3,3;0,039;0,0001;0,0001;0,0001;0,0001;0,001;0,001;POK-6;419000-02;17/21/22037;28-oct-21;9:23:00 AM;12,1;6,4;11,66;0,1075;    ;    ;    ;    
POK-9;419000-03;17/21/22038;2021-10-28;3,48;0,51;9,15;4,51;39;5,2;0,15;2;0,02;0,05;0,001;0,27;0,05;0,27;0,5;0,01;2,7;15;102;7,5;0,7;38,9;0,116;41,4;53;8,8;-1,27;POK-9;419000-03;17/21/22038;2021-10-28;;0,063;0,0001;0,001;0,067;0,0001;0,001;0,005;0,00001;9,15;0,001;0,0001;0,001;0,13;0,0001;0,0009;4,51;0,017;0,0001;0,001;0,51;0,0004;0,001;0,0001;3,48;0,037;0,0001;0,0001;0,0001;0,0001;0,001;0,001;POK-9;419000-03;17/21/22038;28-oct-21;9:46:00 AM;24,3;6,7;11,26;0,0941;    ;    ;    ;    
POK-1;419000-04;17/21/22039;2021-10-28;4,18;0,72;15,2;1,88;48;5,6;0,17;1;0,02;0,05;0,001;0,05;0,05;0,05;0,4;0,013;5,1;32;114;7,5;1,9;47,8;0,142;45,7;62;8,5;-0,96;POK-1;419000-04;17/21/22039;2021-10-28;;0,117;0,0001;0,001;0,096;0,0001;0,001;0,006;0,00001;15,2;0,001;0,0001;0,001;0,3;0,0001;0,0005;1,88;0,068;0,0001;0,001;0,72;0,0007;0,001;0,0001;4,18;0,1;0,0001;0,0001;0,0001;0,0001;0,001;0,001;POK-1;419000-04;17/21/22039;28-oct-21;10:09:00 AM;19,9;7;10,93;0,1057;    ;    ;    ;    
POK-3;419000-05;17/21/22040;2021-10-28;3,11;0,5;11,7;2,62;41;4,2;0,16;1;0,01;0,05;0,001;0,07;0,05;0,07;0,4;0,022;4;22;97;7,6;1,3;40,8;0,153;40;52;8,6;-1,04;POK-3;419000-05;17/21/22040;2021-10-28;;0,112;0,0001;0,001;0,071;0,0001;0,001;0,005;0,00001;11,7;0,001;0,0001;0,001;0,31;0,0002;0,0006;2,62;0,219;0,0001;0,001;0,5;0,0006;0,001;0,0001;3,11;0,062;0,0001;0,0001;0,0001;0,0001;0,001;0,002;POK-3;419000-05;17/21/22040;28-oct-21;10:37:00 AM;39,9;6,7;11,22;0,0892;    ;    ;    ;    
POK-8;419000-06;17/21/22041;2021-10-28;4,97;0,63;8,62;1,62;31;6,2;0,19;1;0,02;0,05;0,001;0,14;0,05;0,14;0,4;0,02;5,5;43;81;7,5;2,8;30,9;0,092;28,2;48;8,9;-1,39;POK-8;419000-06;17/21/22041;2021-10-28;;0,136;0,0001;0,001;0,059;0,0001;0,001;0,007;0,00001;8,62;0,001;0,0001;0,001;0,35;0,0001;0,0007;1,62;0,027;0,0001;0,001;0,63;0,0005;0,001;0,0001;4,97;0,044;0,0001;0,0001;0,0001;0,0001;0,001;0,001;POK-8;419000-06;17/21/22041;28-oct-21;10:59:00 AM;48,1;7,4;11,44;0,0768;    ;    ;    ;    
POK-2;419000-07;17/21/22042;2021-10-28;4,47;0,49;9,54;3,15;36;6,5;0,15;5;0,02;0,05;0,001;0,15;0,05;0,15;0,4;0,009;1,7;5;100;7,6;0,2;35,8;0,134;36,8;54;8,8;-1,19;POK-2;419000-07;17/21/22042;2021-10-28;;0,031;0,0001;0,001;0,056;0,0001;0,001;0,005;0,00001;9,54;0,001;0,0001;0,001;0,06;0,0001;0,0011;3,15;0,015;0,0001;0,001;0,49;0,0003;0,001;0,0001;4,47;0,032;0,0001;0,0001;0,0001;0,0001;0,001;0,001;POK-2;419000-07;17/21/22042;28-oct-21;11:17:00 AM;7,4;6,7;11,68;0,093;    ;    ;    ;    
POK-5;419000-08;17/21/22043;2021-10-28;5,76;0,58;9,05;2,83;32;8,3;0,34;5;0,02;0,05;0,001;0,36;0,05;0,36;0,6;0,018;8,6;107;97;7,5;1,4;31,9;0,095;34,3;57;8,9;-1,36;POK-5;419000-08;17/21/22043;2021-10-28;;0,101;0,0001;0,001;0,077;0,0001;0,001;0,009;0,00001;9,05;0,001;0,0001;0,001;0,4;0,0003;0,0015;2,83;0,064;0,0001;0,001;0,58;0,0006;0,001;0,0001;5,76;0,029;0,0001;0,0001;0,0001;0,0001;0,001;0,003;POK-5;419000-08;17/21/22043;28-oct-21;11:50:00 AM;29,5;7,2;10,41;0,0909;    ;    ;    ;    
POK-7;419000-09;17/21/22044;2021-10-28;4,75;0,5;8,23;3,25;33;6,5;0,4;5;0,03;0,05;0,001;0,05;0,05;0,05;0,5;0,018;14,4;130;88;7,5;1;32,9;0,098;33,9;59;8,9;-1,38;POK-7;419000-09;17/21/22044;2021-10-28;;0,189;0,0001;0,001;0,062;0,0001;0,001;0,008;0,00001;8,23;0,001;0,0001;0,001;0,44;0,0002;0,0015;3,25;0,036;0,0001;0,001;0,5;0,0006;0,001;0,0001;4,75;0,022;0,0001;0,0001;0,0001;0,0001;0,001;0,002;POK-7;419000-08;17/21/22044;28-oct-21;12:37:00 PM;38,4;7,3;10,96;0,0815;    ;    ;    ;    
POK-11;419000-10;17/21/22045;2021-10-28;4,78;0,62;6,3;2,65;26;7,1;0,21;1;0,02;0,05;0,001;0,07;0,05;0,07;0,4;0,009;5,1;47;80;7;0,5;26;0,024;26,6;43;9,1;-2,09;POK-11;419000-10;17/21/22045;2021-10-28;;0,072;0,0001;0,001;0,041;0,0001;0,001;0,007;0,00001;6,3;0,001;0,0001;0,001;0,17;0,0001;0,001;2,65;0,014;0,0001;0,001;0,62;0,0006;0,001;0,0001;4,78;0,026;0,0001;0,0001;0,0001;0,0001;0,001;0,002;POK-11;419000-10;17/21/22045;28-oct-21;1:00:00 AM;16;7,1;10,5;0,0745;    ;    ;    ;    
POK-12;419000-11;17/21/22046;2021-10-28;5,65;0,73;9,93;4,06;44;8,3;0,2;1;0,02;0,05;0,001;0,1;0,05;0,1;0,4;0,015;4,3;33;113;7,6;1,3;43,8;0,164;41,5;61;8,7;-1,08;POK-12;419000-11;17/21/22046;2021-10-28;;0,088;0,0001;0,001;0,048;0,0001;0,001;0,01;0,00001;9,93;0,001;0,0001;0,001;0,3;0,0001;0,0013;4,06;0,045;0,0001;0,001;0,73;0,0006;0,001;0,0001;5,65;0,057;0,0001;0,0001;0,0001;0,0001;0,001;0,001;POK-12;419000-11;17/21/22046;28-oct-21;1:22:00 AM;52;7,3;8,77;0,1048;    ;    ;    ;    
POK-10;419000-12;17/21/22047;2021-10-28;9,9;0,81;9,61;3,97;33;20,4;0,18;3;0,02;0,05;0,001;0,38;0,05;0,38;0,6;0,033;2,4;12;139;7,7;0,8;32,8;0,155;40,3;72;8,8;-1,13;POK-10;419000-12;17/21/22047;2021-10-28;;0,051;0,0001;0,001;0,051;0,0001;0,001;0,007;0,00001;9,61;0,001;0,0001;0,001;0,12;0,0001;0,001;3,97;0,03;0,0001;0,001;0,81;0,0006;0,001;0,0001;9,9;0,041;0,0001;0,0001;0,0001;0,0001;0,001;0,001;POK-10;419000-12;17/21/22047;28-oct-21;1:30:00 AM;34,5;7,5;10,54;0,1279;    ;    ;    ;    
POK-4;451180-01;17/22/22000;2022-07-28;2,06;0,34;6,88;1,23;27;2,1;0,05;1;0,01;0,05;0,001;0,07;0,05;0,07;0,2;0,009;1,4;7;59;7,5;0,7;26,9;0,08;22,2;30;9;-1,53;POK-4;451180-01;17/22/22000;2022-07-28;;0,014;0,0001;0,001;0,085;0,0001;0,001;0,004;0,00001;6,88;0,001;0,0001;0,001;0,25;0,0001;0,0004;1,23;0,616;0,0001;0,001;0,34;0,0005;0,001;0,0001;2,06;0,026;0,0001;0,0001;0,0001;0,0001;0,001;0,001;POK-4;451180-01;17/22/22000;2022-07-28;9:06:00 AM;77,1;11,9;9,52;0,0566;    ;    ;    ;    
POK-6;451180-02;17/22/22001;2022-07-28;3,46;0,47;14;3,98;54;5,9;0,11;2;0,01;0,05;0,001;0,08;0,05;0,08;0,2;0,014;1,3;7;119;7,8;0,7;53,6;0,318;51,3;63;8,5;-0,66;POK-6;451180-02;17/22/22001;2022-07-28;;0,04;0,0001;0,001;0,06;0,0001;0,001;0,004;0,00001;14;0,001;0,0001;0,001;0,06;0,0001;0,0009;3,98;0,01;0,0001;0,001;0,47;0,0003;0,001;0,0001;3,46;0,041;0,0001;0,0001;0,0001;0,0001;0,001;0,001;POK-6;451180-02;17/22/22001;2022-07-28;9:35:00 AM;133,4;13,3;10;0,1136;    ;    ;    ;    
POK-9;451180-03;17/22/22002;2022-07-28;3,39;0,47;10,1;5;47;5,3;0,09;3;0,02;0,05;0,001;0,15;0,05;0,15;0,3;0,009;1;5;108;7,8;0,7;46,7;0,277;45,8;57;8,7;-0,85;POK-9;451180-03;17/22/22002;2022-07-28;;0,044;0,0001;0,001;0,073;0,0001;0,001;0,005;0,00001;10,1;0,001;0,0001;0,001;0,14;0,0001;0,0009;5;0,024;0,0001;0,001;0,47;0,0004;0,001;0,0001;3,39;0,042;0,0001;0,0001;0,0001;0,0001;0,001;0,001;POK-9;451180-03;17/22/22002;2022-07-28;9:52:00 AM;22,8;11,1;11,52;0,1027;    ;    ;    ;    
POK-1;451180-04;17/22/22003;2022-07-28;5,21;0,85;23,6;2,68;72;7,3;0,11;1;0,02;0,05;0,001;0,05;0,05;0,05;0,3;0,016;3,5;26;161;7,9;2,7;71,4;0,533;70;84;8,1;-0,22;POK-1;451180-04;17/22/22003;2022-07-28;;0,072;0,0001;0,001;0,145;0,0001;0,001;0,007;0,00001;23,6;0,001;0,0001;0,001;0,45;0,0001;0,0006;2,68;0,221;0,0001;0,001;0,85;0,0008;0,001;0,0001;5,21;0,165;0,0001;0,0001;0,0001;0,0001;0,001;0,001;POK-1;451180-04;17/22/22003;2022-07-28;10:18:00 AM;32,7;14,9;8,64;0,1541;    ;    ;    ;    
POK-3;451180-05;17/22/22004;2022-07-28;3,33;0,52;14,3;3,17;51;4,5;0,09;1;0,01;0,05;0,001;0,07;0,05;0,07;0,2;0,013;2,1;18;113;7,8;2,1;50,7;0,301;48,8;58;8,5;-0,67;POK-3;451180-05;17/22/22004;2022-07-28;;0,048;0,0001;0,001;0,079;0,0001;0,001;0,006;0,00001;14,3;0,001;0,0001;0,001;0,28;0,0001;0,0006;3,17;0,167;0,0001;0,001;0,52;0,0006;0,001;0,0001;3,33;0,08;0,0001;0,0001;0,0001;0,0001;0,001;0,001;POK-3;451180-05;17/22/22004;2022-07-28;10:48:00 AM;59,8;15,5;9,55;0,1242;    ;    ;    ;    
POK-8;451180-06;17/22/22005;2022-07-28;7;0,77;11,4;2,27;42;7;0,13;5;0,02;0,05;0,001;0,17;0,05;0,17;0,4;0,019;3,7;33;113;7,7;1,8;41,8;0,197;37,8;60;8,6;-0,95;POK-8;451180-06;17/22/22005;2022-07-28;;0,063;0,0001;0,001;0,071;0,0001;0,001;0,011;0,00001;11,4;0,001;0,0001;0,001;0,48;0,0001;0,001;2,27;0,028;0,0001;0,001;0,77;0,0007;0,001;0,0001;7;0,069;0,0001;0,0001;0,0001;0,0001;0,001;0,002;POK-8;451180-06;17/22/22005;2022-07-28;11:10:00 AM;90,6;15,1;9,5;0,1015;    ;    ;    ;    
POK-2;451180-07;17/22/22006;2022-07-28;4,58;0,52;10,1;3,4;39;7,3;0,1;5;0,01;0,05;0,001;0,11;0,05;0,11;0,3;0,009;0,8;5;107;7,7;0,5;38,8;0,183;39,2;55;8,7;-1,03;POK-2;451180-07;17/22/22006;2022-07-28;;0,032;0,0001;0,001;0,061;0,0001;0,001;0,005;0,00001;10,1;0,001;0,0001;0,001;0,12;0,0001;0,0011;3,4;0,043;0,0001;0,001;0,52;0,0003;0,001;0,0001;4,58;0,034;0,0001;0,0001;0,0001;0,0001;0,001;0,001;POK-2;451180-07;17/22/22006;2022-07-28;11:32:00 AM;27,5;11,4;11,4;0,1013;    ;    ;    ;    
POK-5;451180-08;17/22/22007;2022-07-28;6,04;0,55;10,2;3,46;39;8,4;0,12;4;0,02;0,05;0,001;0,36;0,05;0,36;0,4;0,019;1,5;15;113;7,7;0,8;38,8;0,183;39,7;58;8,7;-1,03;POK-5;451180-08;17/22/22007;2022-07-28;;0,039;0,0001;0,001;0,096;0,0001;0,001;0,009;0,00001;10,2;0,001;0,0001;0,001;0,16;0,0001;0,0016;3,46;0,06;0,0001;0,001;0,55;0,0005;0,001;0,0001;6,04;0,032;0,0001;0,0001;0,0001;0,0001;0,001;0,001;POK-5;451180-08;17/22/22007;2022-07-28;12:09:00 PM;488,4;13,8;10,4;0,1071;    ;    ;    ;    
POK-7;451180-09;17/22/22008;2022-07-28;5,39;0,55;12,5;4,52;50;6,3;0,1;3;0,02;0,05;0,001;0,05;0,05;0,05;0,2;0,011;3,1;27;126;7,8;1;49,7;0,295;49,8;63;8,5;-0,74;POK-7;451180-09;17/22/22008;2022-07-28;;0,033;0,0001;0,001;0,099;0,0001;0,001;0,009;0,00001;12,5;0,001;0,0001;0,001;0,27;0,0001;0,0019;4,52;0,035;0,0001;0,001;0,55;0,0005;0,001;0,0001;5,39;0,03;0,0001;0,0001;0,0001;0,0001;0,001;0,001;POK-7;451180-09;17/22/22008;2022-07-28;12:31:00 PM;93,3;13,1;9,9;0,1178;    ;    ;    ;    
POK-11;451180-10;17/22/22009;2022-07-28;4,77;0,55;7,87;3,06;32;6,6;0,13;4;0,02;0,05;0,001;0,06;0,05;0,06;0,2;0,008;1,2;6;88;7,6;0,4;31,9;0,119;32,3;47;8,9;-1,32;POK-11;451180-10;17/22/22009;2022-07-28;;0,029;0,0001;0,001;0,045;0,0001;0,001;0,007;0,00001;7,87;0,001;0,0001;0,001;0,08;0,0001;0,0011;3,06;0,009;0,0001;0,001;0,55;0,0005;0,001;0,0001;4,77;0,033;0,0001;0,0001;0,0001;0,0001;0,001;0,001;POK-11;451180-10;17/22/22009;2022-07-28;1:05:00 PM;70,3;12,9;11,6;0,0838;    ;    ;    ;    
POK-12;451180-11;17/22/22010;2022-07-28;5,54;0,78;12,5;5,22;54;8,7;0,13;4;0,02;0,05;0,001;0,11;0,05;0,11;0,3;0,017;1,8;16;134;7,8;1,2;53,6;0,318;52,7;71;8,5;-0,71;POK-12;451180-11;17/22/22010;2022-07-28;;0,048;0,0001;0,001;0,065;0,0001;0,001;0,011;0,00001;12,5;0,001;0,0001;0,001;0,33;0,0001;0,0016;5,22;0,087;0,0001;0,001;0,78;0,0006;0,001;0,0001;5,54;0,078;0,0001;0,0001;0,0001;0,0001;0,001;0,001;POK-12;451180-11;17/22/22010;2022-07-28;1:30:00 PM;41,7;15,3;9,34;0,1286;    ;    ;    ;    
POK-10;451180-12;17/22/22011;2022-07-28;11,7;0,81;11,8;5,11;36;29,9;0,1;5;0,02;0,05;0,001;0,4;0,05;0,4;0,4;0,034;1;5;163;7,7;0,4;35,8;0,169;50,5;88;8,7;-1,02;POK-10;451180-12;17/22/22011;2022-07-28;;0,028;0,0001;0,001;0,058;0,0001;0,001;0,007;0,00001;11,8;0,001;0,0001;0,001;0,07;0,0001;0,001;5,11;0,023;0,0001;0,001;0,81;0,0005;0,001;0,0001;11,7;0,043;0,0001;0,0001;0,0001;0,0001;0,001;0,001;POK-10;451180-12;17/22/22011;2022-07-28;1:40:00 PM;57,6;14,2;10,75;0,1576;    ;    ;    ;    
POK-4;455965-01;17/22/22012;2022-09-01;2,16;0,41;8,09;1,39;30;2;0,08;1;0,01;0,05;0,001;0,06;0,05;0,06;0,3;0,01;2,2;14;63;7,2;1,5;29,9;0,045;25,9;35;8,9;-1,72;POK-4;455965-01;17/22/22012;2022-09-01;;0,013;0,0001;0,001;0,103;0,0001;0,001;0,004;0,00001;8,09;0,001;0,0001;0,001;0,33;0,0001;0,0005;1,39;0,662;0,0001;0,001;0,41;0,0005;0,001;0,0001;2,16;0,032;0,0001;0,0001;0,0001;0,0001;0,001;0,001;POK-4;455965-01;17/22/22012;2022-09-01;9:01:00 AM;5,2;12,1;8,82;0,0633;    ;    ;    ;    
POK-6;455965-02;17/22/22013;2022-09-01;3,51;0,53;14,8;4,02;52;5,7;0,13;2;0,01;0,05;0,001;0,06;0,05;0,06;0,5;0,021;3;15;117;8;2,4;51,5;0,484;53,5;63;8,4;-0,45;POK-6;455965-02;17/22/22013;2022-09-01;;0,083;0,0001;0,001;0,061;0,0001;0,001;0,004;0,00001;14,8;0,001;0,0001;0,001;0,12;0,0001;0,0009;4,02;0,02;0,0001;0,001;0,53;0,0004;0,001;0,0001;3,51;0,045;0,0001;0,0001;0,0001;0,0001;0,001;0,001;POK-6;455965-02;17/22/22013;2022-09-01;9:25:00 AM;686,7;15;9,52;0,1165;    ;    ;    ;    
POK-9;455965-03;17/22/22014;2022-09-01;3,54;0,55;10,8;5,32;46;5,1;0,1;4;0,02;0,05;0,001;0,12;0,05;0,12;0,4;0,012;2,1;41;108;7,8;1,4;45,7;0,271;48,9;58;8,6;-0,84;POK-9;455965-03;17/22/22014;2022-09-01;;0,062;0,0001;0,001;0,078;0,0001;0,001;0,005;0,00001;10,8;0,001;0,0001;0,001;0,21;0,0001;0,001;5,32;0,029;0,0001;0,001;0,55;0,0004;0,001;0,0001;3,54;0,045;0,0001;0,0001;0,0001;0,0001;0,001;0,001;POK-9;455965-03;17/22/22014;2022-09-01;9:40:00 AM;121,1;12,9;10,06;0,1068;    ;    ;    ;    
POK-1;455965-04;17/22/22015;2022-09-01;6,58;1,03;26,7;3;80;11;0,1;1;0,03;0,05;0,001;0,05;0,05;0,05;0,5;0,015;4,6;23;180;8;3;79,2;0,744;79;98;8;-0,03;POK-1;455965-04;17/22/22015;2022-09-01;;0,095;0,0001;0,001;0,159;0,0001;0,001;0,009;0,00001;26,7;0,001;0,0002;0,001;0,59;0,0001;0,0006;3;0,274;0,0001;0,001;1,03;0,001;0,001;0,0001;6,58;0,186;0,0001;0,0001;0,0001;0,0001;0,001;0,001;POK-1;455965-04;17/22/22015;2022-09-01;10:01:00 AM;114,5;14,8;8,28;0,1768;    ;    ;    ;    
POK-3;455965-05;17/22/22016;2022-09-01;3,61;0,63;15,6;3,26;53;4,7;0,13;1;0,02;0,05;0,001;0,06;0,05;0,06;0,4;0,016;3,4;21;117;7,9;1,9;52,6;0,393;52,4;61;8,4;-0,52;POK-3;455965-05;17/22/22016;2022-09-01;;0,048;0,0001;0,001;0,084;0,0001;0,001;0,006;0,00001;15,6;0,001;0,0001;0,001;0,31;0,0001;0,0007;3,26;0,179;0,0001;0,001;0,63;0,0007;0,001;0,0001;3,61;0,096;0,0001;0,0001;0,0001;0,0001;0,001;0,001;POK-3;455965-05;17/22/22016;2022-09-01;10:27:00 AM;70,3;16,2;8,95;0,1165;    ;    ;    ;    
POK-8;455965-06;17/22/22017;2022-09-01;7,28;0,96;12,8;2,48;47;7,1;0,21;3;0,03;0,05;0,001;0,17;0,05;0,17;0,5;0,019;6,1;43;116;7,9;2,6;46,6;0,348;42,2;64;8,6;-0,65;POK-8;455965-06;17/22/22017;2022-09-01;;0,056;0,0001;0,001;0,076;0,0001;0,001;0,013;0,00001;12,8;0,001;0,0001;0,001;0,5;0,0001;0,0009;2,48;0,038;0,0001;0,001;0,96;0,0008;0,001;0,0001;7,28;0,082;0,0001;0,0001;0,0001;0,0001;0,001;0,001;POK-8;455965-06;17/22/22017;2022-09-01;10:47:00 AM;172,2;15,9;9,02;0,1149;    ;    ;    ;    
POK-2;455965-07;17/22/22018;2022-09-01;4,68;0,59;10,7;3,53;39;6,9;0,13;5;0,02;0,05;0,001;0,13;0,05;0,13;0,4;0,01;1,7;8;104;7,8;0,7;38,7;0,23;41,3;56;8,7;-0,91;POK-2;455965-07;17/22/22018;2022-09-01;;0,054;0,0001;0,001;0,065;0,0001;0,001;0,005;0,00001;10,7;0,001;0,0001;0,001;0,15;0,0001;0,0011;3,53;0,043;0,0001;0,001;0,59;0,0004;0,001;0,0001;4,68;0,037;0,0001;0,0001;0,0001;0,0001;0,001;0,001;POK-2;455965-07;17/22/22018;2022-09-01;11:05:00 AM;40,2;11,9;10,24;0,1032;    ;    ;    ;    
POK-5;455965-08;17/22/22019;2022-09-01;5,87;0,66;10,6;3,36;39;8;0,16;2;0,02;0,05;0,001;0,26;0,05;0,26;0,5;0,024;4,5;48;107;7,8;1,9;38,7;0,23;40,3;56;8,7;-0,91;POK-5;455965-08;17/22/22019;2022-09-01;;0,064;0,0001;0,001;0,099;0,0001;0,001;0,01;0,00001;10,6;0,001;0,0001;0,001;0,33;0,0002;0,0016;3,36;0,09;0,0001;0,001;0,66;0,0007;0,001;0,0001;5,87;0,035;0,0001;0,0001;0,0001;0,0001;0,001;0,001;POK-5;455965-08;17/22/22019;2022-09-01;12:15:00 PM;82;16,2;9,19;0,1082;    ;    ;    ;    
POK-7;455965-09;17/22/22020;2022-09-01;5,27;0,66;12;4,34;49;6,3;0,14;1;0,03;0,05;0,001;0,1;0,05;0,1;0,5;0,021;7,7;61;114;7,9;1,8;48,6;0,363;47,8;60;8,6;-0,66;POK-7;455965-09;17/22/22020;2022-09-01;;0,06;0,0001;0,001;0,099;0,0001;0,001;0,009;0,00001;12;0,001;0,0002;0,001;0,4;0,0002;0,0018;4,34;0,064;0,0001;0,001;0,66;0,0008;0,001;0,0001;5,27;0,029;0,0001;0,0001;0,0001;0,0001;0,001;0,001;POK-7;455965-09;17/22/22020;2022-09-01;12:38:00 PM;88;14;9,22;0,1138;    ;    ;    ;    
POK-11;455965-10;17/22/22021;2022-09-01;4,36;0,57;7,9;3,3;35;6,1;0,06;4;0,02;0,05;0,001;0,1;0,05;0,1;0,3;0,008;2,3;10;88;7,7;0,5;34,8;0,164;33,3;48;8,9;-1,18;POK-11;455965-10;17/22/22021;2022-09-01;;0,04;0,0001;0,001;0,046;0,0001;0,001;0,008;0,00001;7,9;0,001;0,0001;0,001;0,12;0,0001;0,0012;3,3;0,016;0,0001;0,001;0,57;0,0005;0,001;0,0001;4,36;0,037;0,0001;0,0001;0,0001;0,0001;0,001;0,001;POK-11;455965-10;17/22/22021;2022-09-01;12:59:00 PM;69,1;12,3;11,08;0,0867;    ;    ;    ;    
POK-12;455965-11;17/22/22022;2022-09-01;5,88;0,88;13,1;5,49;56;10,3;0,14;4;0,02;0,05;0,001;0,15;0,05;0,15;0,4;0,021;3,1;21;137;7,9;2,2;55,5;0,414;55,3;75;8,5;-0,57;POK-12;455965-11;17/22/22022;2022-09-01;;0,072;0,0001;0,001;0,067;0,0001;0,001;0,012;0,00001;13,1;0,001;0,0001;0,001;0,39;0,0001;0,0017;5,49;0,082;0,0001;0,001;0,88;0,0007;0,001;0,0001;5,88;0,085;0,0001;0,0001;0,0001;0,0001;0,001;0,001;POK-12;455965-11;17/22/22022;2022-09-01;1:29:00 PM;248,1;15;9,44;0,1354;    ;    ;    ;    
POK-10;455965-12;17/22/22023;2022-09-01;13,3;1,23;13,3;5,56;42;32,1;0,12;5;0,02;0,05;0,001;0,53;0,05;0,53;0,8;0,075;2,1;23;178;7,8;1,3;41,7;0,247;56,1;99;8,6;-0,8;POK-10;455965-12;17/22/22023;2022-09-01;;0,057;0,0001;0,001;0,063;0,0001;0,001;0,009;0,00001;13,3;0,001;0,0001;0,001;0,13;0,0001;0,0012;5,56;0,026;0,0001;0,001;1,23;0,0009;0,001;0,0001;13,3;0,05;0,0001;0,0001;0,0001;0,0001;0,001;0,001;POK-10;455965-12;17/22/22023;2022-09-01;1:38:00 PM;1046,2;15,1;10,25;0,1741;    ;    ;    ;    
POK-4;459780-01;17/22/22024;2022-10-03;2,27;0,44;8,18;1,44;31;2,2;0,1;2;0,01;0,05;0,001;0,05;0,05;0,05;0,2;0,013;1,8;12;64;7,1;1,5;31;0,037;26,4;39;8,9;-1,8;POK-4;459780-01;17/22/22024;2022-10-03;;0,031;0,0001;0,001;0,113;0,0001;0,001;0,004;0,00001;8,18;0,001;0,0001;0,001;0,32;0,0001;0,0005;1,44;0,801;0,0001;0,001;0,44;0,0005;0,001;0,0001;2,27;0,033;0,0001;0,0001;0,0001;0,0001;0,001;0,001;POK-4;459780-01;17/22/22024;2022-10-03;9:01:00 AM;8,4;6,5;10,04;0,0657;    ;    ;    ;    
POK-6;459780-02;17/22/22025;2022-10-03;3,89;0,57;16,4;4,22;59;6,3;0,12;3;0,01;0,05;0,001;0,05;0,05;0,05;0,2;0,014;1,7;10;120;7,9;1;58,5;0,437;58,3;72;8,4;-0,45;POK-6;459780-02;17/22/22025;2022-10-03;;0,049;0,0001;0,001;0,056;0,0001;0,001;0,005;0,00001;16,4;0,001;0,0001;0,001;0,07;0,0001;0,001;4,22;0,011;0,0001;0,001;0,57;0,0004;0,001;0,0001;3,89;0,045;0,0001;0,0001;0,0001;0,0001;0,001;0,001;POK-6;459780-02;17/22/22025;2022-10-03;9:25:00 AM;47,4;4,7;12,92;0,1191;    ;    ;    ;    
POK-9;459780-03;17/22/22026;2022-10-03;3,57;0,58;11,2;5,69;50;5,4;0,1;4;0,02;0,05;0,001;0,11;0,05;0,11;0,2;0,019;1,3;8;113;7,8;1,2;49,7;0,295;51,4;63;8,6;-0,79;POK-9;459780-03;17/22/22026;2022-10-03;;0,103;0,0001;0,001;0,081;0,0001;0,001;0,005;0,00001;11,2;0,001;0,0002;0,001;0,26;0,0002;0,001;5,69;0,065;0,0001;0,001;0,58;0,0005;0,001;0,0001;3,57;0,046;0,0001;0,0001;0,0001;0,0001;0,001;0,002;POK-9;459780-03;17/22/22026;2022-10-03;9:40:00 AM;44,1;4,7;12,38;0,1117;    ;    ;    ;    
POK-1;459780-04;17/22/22027;2022-10-03;6,09;1,03;28,4;3,19;91;8;0,11;2;0,02;0,05;0,001;0,06;0,05;0,06;0,2;0,016;3,2;20;182;7,9;2,8;90,3;0,674;84,1;108;7,9;-0,05;POK-1;459780-04;17/22/22027;2022-10-03;;0,089;0,0001;0,001;0,152;0,0001;0,001;0,009;0,00001;28,4;0,001;0,0001;0,001;0,38;0,0001;0,0007;3,19;0,191;0,0001;0,001;1,03;0,0008;0,001;0,0001;6,09;0,2;0,0001;0,0001;0,0001;0,0002;0,001;0,001;POK-1;459780-04;17/22/22027;2022-10-03;10:01:00 AM;57,6;5,6;11,04;0,1805;    ;    ;    ;    
POK-3;459780-05;17/22/22028;2022-10-03;3,78;0,68;15,8;3,4;56;4,8;0,11;2;0,01;0,05;0,001;0,05;0,05;0,05;0,2;0,009;2,6;17;118;7,8;1,6;55,6;0,33;53,5;68;8,4;-0,59;POK-3;459780-05;17/22/22028;2022-10-03;;0,047;0,0001;0,001;0,08;0,0001;0,001;0,007;0,00001;15,8;0,001;0,0001;0,001;0,23;0,0001;0,0006;3,4;0,156;0,0001;0,001;0,68;0,0006;0,001;0,0001;3,78;0,096;0,0001;0,0001;0,0001;0,0001;0,001;0,001;POK-3;459780-05;17/22/22028;2022-10-03;10:27:00 AM;13,4;6,2;12,21;0,1162;    ;    ;    ;    
POK-8;459780-06;17/22/22029;2022-10-03;7,43;1,1;12,9;2,53;49;7,2;0,16;4;0,02;0,05;0,001;0,08;0,05;0,08;0,3;0,016;6,6;71;114;7,7;3,6;48,7;0,229;42,6;73;8,5;-0,83;POK-8;459780-06;17/22/22029;2022-10-03;;0,089;0,0001;0,001;0,073;0,0001;0,001;0,014;0,00001;12,9;0,001;0,0001;0,001;0,53;0,0002;0,001;2,53;0,047;0,0001;0,001;1,1;0,0007;0,001;0,0001;7,43;0,081;0,0001;0,0001;0,0001;0,0001;0,001;0,001;POK-8;459780-06;17/22/22029;2022-10-03;10:47:00 AM;48,8;6,2;10,03;0,1126;    ;    ;    ;    
POK-2;459780-07;17/22/22030;2022-10-03;4,81;0,6;10,9;3,7;40;7,2;0,13;5;0,01;0,05;0,001;0,15;0,05;0,15;0,2;0,005;0,9;5;107;7,7;0,3;39,8;0,188;42,5;58;8,7;-0,99;POK-2;459780-07;17/22/22030;2022-10-03;;0,022;0,0001;0,001;0,061;0,0001;0,001;0,006;0,00001;10,9;0,001;0,0001;0,001;0,07;0,0001;0,0011;3,7;0,021;0,0001;0,001;0,6;0,0003;0,001;0,0001;4,81;0,037;0,0001;0,0001;0,0001;0,0001;0,001;0,001;POK-2;459780-07;17/22/22030;2022-10-03;11:05:00 AM;9,7;4,5;13,13;0,1057;    ;    ;    ;    
POK-5;459780-08;17/22/22031;2022-10-03;5,66;0,61;9,29;3,02;34;8,5;0,27;5;0,02;0,05;0,001;0,27;0,05;0,27;0,4;0,022;10,3;130;94;7,5;1,9;33,9;0,101;35,6;60;8,8;-1,32;POK-5;459780-08;17/22/22031;2022-10-03;;0,097;0,0001;0,001;0,081;0,0001;0,001;0,01;0,00001;9,29;0,001;0,0001;0,001;0,42;0,0002;0,0015;3,02;0,051;0,0001;0,001;0,61;0,0005;0,001;0,0001;5,66;0,031;0,0001;0,0001;0,0001;0,0001;0,001;0,001;POK-5;459780-08;17/22/22031;2022-10-03;12:15:00 PM;59,1;6,5;12,2;0,0937;    ;    ;    ;    
POK-7;459780-09;17/22/22032;2022-10-03;5,51;0,74;11,8;4,43;50;6,6;0,19;2;0,03;0,05;0,001;0,09;0,05;0,09;0,3;0,013;6,9;53;114;7,6;1,3;49,8;0,186;47,7;69;8,6;-0,96;POK-7;459780-09;17/22/22032;2022-10-03;;0,043;0,0001;0,001;0,089;0,0001;0,001;0,01;0,00001;11,8;0,001;0,0001;0,001;0,25;0,0001;0,0018;4,43;0,032;0,0001;0,001;0,74;0,0007;0,001;0,0001;5,51;0,027;0,0001;0,0001;0,0001;0,0001;0,001;0,001;POK-7;459780-09;17/22/22032;2022-10-03;12:38:00 PM;65,7;6,3;12,07;0,1128;    ;    ;    ;    
POK-11;459780-10;17/22/22033;2022-10-03;4,49;0,62;8,46;3,6;37;6,4;0,12;4;0,02;0,05;0,001;0,06;0,05;0,06;0,2;0,007;1;5;95;7,5;0,4;36,9;0,11;35,9;52;8,8;-1,33;POK-11;459780-10;17/22/22033;2022-10-03;;0,017;0,0001;0,001;0,048;0,0001;0,001;0,01;0,00001;8,46;0,001;0,0001;0,001;0,06;0,0001;0,0013;3,6;0,009;0,0001;0,001;0,62;0,0005;0,001;0,0001;4,49;0,041;0,0001;0,0001;0,0001;0,0001;0,001;0,001;POK-11;459780-10;17/22/22033;2022-10-03;12:59:00 PM;5,2;7,9;12,67;0,0919;    ;    ;    ;    
POK-12;459780-11;17/22/22034;2022-10-03;6,67;1,07;13,8;5,98;56;11;0,15;5;0,02;0,05;0,001;0,09;0,05;0,09;0,2;0,013;2;16;143;7,7;1,3;55,7;0,262;59,1;80;8,5;-0,76;POK-12;459780-11;17/22/22034;2022-10-03;;0,046;0,0001;0,001;0,066;0,0001;0,001;0,014;0,00001;13,8;0,001;0,0001;0,001;0,2;0,0001;0,0018;5,98;0,039;0,0001;0,001;1,07;0,0006;0,001;0,0001;6,67;0,086;0,0001;0,0001;0,0001;0,0001;0,001;0,005;POK-12;459780-11;17/22/22034;2022-10-03;1:29:00 PM;48;6;11,87;0,1384;    ;    ;    ;    
POK-10;459780-12;17/22/22035;2022-10-03;12,4;1,07;14,2;5,77;42;32,4;0,14;5;0,02;0,05;0,001;0,5;0,05;0,5;0,5;0,049;1,4;10;179;7,8;0,4;41,7;0,247;59,2;100;8,6;-0,78;POK-10;459780-12;17/22/22035;2022-10-03;;0,014;0,0001;0,001;0,06;0,0001;0,001;0,01;0,00001;14,2;0,001;0,0001;0,001;0,06;0,0001;0,0012;5,77;0,015;0,0001;0,001;1,07;0,0006;0,001;0,0001;12,4;0,051;0,0001;0,0001;0,0001;0,0001;0,001;0,001;POK-10;459780-12;17/22/22035;2022-10-03;1:38:00 PM;24,1;6,5;13,04;0,1757;    ;    ;    ;    
POK-4;463628-01;17/22/22036;2022-11-01;2,27;0,41;8,16;1,42;31;2,3;0,11;2;0,01;0,05;0,001;0,07;0,05;0,07;0,2;0,011;2;11;69;7;0,8;31;0,029;26,2;39;8,9;-1,9;POK-4;463628-01;17/22/22036;2022-11-01;;0,021;0,0001;0,001;0,102;0,0001;0,001;0,004;0,00001;8,16;0,001;0,0001;0,001;0,26;0,0001;0,0005;1,42;0,619;0,0001;0,001;0,41;0,0005;0,001;0,0001;2,27;0,032;0,0001;0,0001;0,0001;0,0001;0,001;0,001;POK-4;463628-01;17/22/22036;2022-11-01;9:02:00 AM;5,2;6,3;10,55;0,0633;    ;    ;    ;    
POK-6;463628-02;17/22/22037;2022-11-01;3,75;0,51;15,2;4,14;52;6,2;0,16;3;0,01;0,05;0,001;0,09;0,05;0,09;0,2;0,018;2,4;13;125;7,8;2,8;51,7;0,307;55;68;8,4;-0,64;POK-6;463628-02;17/22/22037;2022-11-01;;0,072;0,0001;0,001;0,059;0,0001;0,001;0,005;0,00001;15,2;0,001;0,0001;0,001;0,09;0,0001;0,001;4,14;0,017;0,0001;0,001;0,51;0,0003;0,001;0,0001;3,75;0,045;0,0001;0,0001;0,0001;0,0001;0,001;0,001;POK-6;463628-02;17/22/22037;2022-11-01;9:25:00 AM;39,9;5,9;12,66;0,118;    ;    ;    ;    
POK-9;463628-03;17/22/22038;2022-11-01;3,67;0,64;10,9;5,26;47;5,6;0,16;3;0,01;0,05;0,001;0,14;0,05;0,14;0,3;0,017;2,9;21;112;7,5;2,6;46,8;0,139;48,9;62;8,6;-1,12;POK-9;463628-03;17/22/22038;2022-11-01;;0,079;0,0001;0,001;0,073;0,0001;0,001;0,006;0,00001;10,9;0,001;0,0001;0,001;0,21;0,0001;0,001;5,26;0,029;0,0001;0,001;0,64;0,0005;0,001;0,0001;3,67;0,043;0,0001;0,0001;0,0001;0,0001;0,001;0,002;POK-9;463628-03;17/22/22038;2022-11-01;9:43:00 AM;3,1;6,1;12,12;0,1061;    ;    ;    ;    
POK-1;463628-04;17/22/22039;2022-11-01;5,46;0,96;20,2;2,44;63;8,1;0,17;1;0,02;0,05;0,001;0,07;0,05;0,07;0,3;0,02;5,9;42;144;7,5;4,8;62,8;0,187;60,5;83;8,2;-0,74;POK-1;463628-04;17/22/22039;2022-11-01;;0,136;0,0001;0,001;0,118;0,0001;0,001;0,008;0,00001;20,2;0,001;0,0001;0,001;0,46;0,0001;0,0006;2,44;0,123;0,0001;0,001;0,96;0,0008;0,001;0,0001;5,46;0,137;0,0001;0,0001;0,0001;0,0001;0,001;0,001;POK-1;463628-04;17/22/22039;2022-11-01;10:11:00 AM;37,3;7;11,78;0,1368;    ;    ;    ;    
POK-3;463628-05;17/22/22040;2022-11-01;3,67;0,65;14,4;2,98;50;5;0,16;1;0,01;0,05;0,001;0,05;0,05;0,05;0,3;0,013;3,8;25;112;7,6;2,6;49,8;0,186;48,2;62;8,5;-0,87;POK-3;463628-05;17/22/22040;2022-11-01;;0,076;0,0001;0,001;0,078;0,0001;0,001;0,007;0,00001;14,4;0,001;0,0001;0,001;0,28;0,0001;0,0006;2,98;0,146;0,0001;0,001;0,65;0,0006;0,001;0,0001;3,67;0,087;0,0001;0,0001;0,0001;0,0001;0,001;0,001;POK-3;463628-05;17/22/22040;2022-11-01;10:39:00 AM;24,6;6,5;12,07;0,1059;    ;    ;    ;    
POK-8;463628-06;17/22/22041;2022-11-01;5,43;0,81;9,87;1,91;34;7,4;0,21;1;0,02;0,05;0,001;0,15;0,05;0,15;0,4;0,021;7,2;60;92;7,5;5,4;33,9;0,101;32,5;55;8,8;-1,29;POK-8;463628-06;17/22/22041;2022-11-01;;0,13;0,0001;0,001;0,062;0,0001;0,001;0,01;0,00001;9,87;0,001;0,0001;0,001;0,43;0,0001;0,0008;1,91;0,026;0,0001;0,001;0,81;0,0006;0,001;0,0001;5,43;0,06;0,0001;0,0001;0,0001;0,0001;0,001;0,001;POK-8;463628-06;17/22/22041;2022-11-01;11:02:00 AM;115,3;7,1;12,13;0,0877;    ;    ;    ;    
POK-2;463628-07;17/22/22042;2022-11-01;4,81;0,54;10,6;3,61;39;7,1;0,16;6;0,01;0,05;0,001;0,16;0,05;0,16;0,2;0,01;1,1;9;108;7,5;0,7;38,9;0,116;41,3;59;8,7;-1,21;POK-2;463628-07;17/22/22042;2022-11-01;;0,029;0,0001;0,001;0,063;0,0001;0,001;0,006;0,00001;10,6;0,001;0,0001;0,001;0,07;0,0001;0,0011;3,61;0,017;0,0001;0,001;0,54;0,0004;0,001;0,0001;4,81;0,036;0,0001;0,0001;0,0001;0,0001;0,001;0,001;POK-2;463628-07;17/22/22042;2022-11-01;11:26:00 AM;8,5;6,5;12,35;0,1027;    ;    ;    ;    
POK-5;463628-08;17/22/22043;2022-11-01;6,24;0,69;8,83;2,85;31;11,1;0,33;5;0,02;0,05;0,001;0,25;0,05;0,25;0,5;0,02;11;148;92;7,3;2;30,9;0,058;33,8;62;8,9;-1,58;POK-5;463628-08;17/22/22043;2022-11-01;;0,132;0,0002;0,001;0,082;0,0001;0,001;0,011;0,00001;8,83;0,001;0,0001;0,003;0,46;0,0003;0,0031;2,85;0,049;0,0001;0,001;0,69;0,0006;0,001;0,0001;6,24;0,031;0,0001;0,0001;0,0001;0,0001;0,001;0,006;POK-5;463628-08;17/22/22043;2022-11-01;11:58:00 AM;72,3;7,4;11,17;0,0877;    ;    ;    ;    
POK-7;463628-09;17/22/22044;2022-11-01;4,93;0,81;8,72;3,4;32;8,6;0,35;5;0,03;0,05;0,001;0,06;0,05;0,06;0,5;0,017;17,4;143;92;7,2;1,6;31,9;0,048;35,8;65;8,9;-1,67;POK-7;463628-09;17/22/22044;2022-11-01;;0,177;0,0001;0,001;0,072;0,0001;0,001;0,008;0,00001;8,72;0,001;0,0001;0,001;0,49;0,0002;0,0014;3,4;0,035;0,0001;0,001;0,81;0,001;0,001;0,0001;4,93;0,024;0,0001;0,0001;0,0001;0,0001;0,001;0,001;POK-7;463628-09;17/22/22044;2022-11-01;12:44:00 PM;249,5;7,3;9,42;0,0874;    ;    ;    ;    
POK-11;463628-10;17/22/22045;2022-11-01;4,52;0,62;7,9;3,36;32;6,9;0,26;4;0,02;0,05;0,001;0,07;0,05;0,07;0,3;0,009;3,5;22;91;7;1,5;32;0,03;33,6;51;8,9;-1,92;POK-11;463628-10;17/22/22045;2022-11-01;;0,086;0,0001;0,001;0,046;0,0001;0,001;0,01;0,00001;7,9;0,001;0,0001;0,001;0,13;0,0001;0,0012;3,36;0,016;0,0001;0,001;0,62;0,0006;0,001;0,0001;4,52;0,038;0,0001;0,0001;0,0001;0,0001;0,001;0,001;POK-11;463628-10;17/22/22045;2022-11-01;1:09:00 AM;45;7,6;11,63;0,0865;    ;    ;    ;    
POK-12;463628-11;17/22/22046;2022-11-01;6,08;0,9;12,9;5,4;53;11,8;0,18;4;0,02;0,05;0,001;0,11;0,05;0,11;0,3;0,021;3,3;28;136;7,4;4,2;52,9;0,125;54,4;78;8,5;-1,1;POK-12;463628-11;17/22/22046;2022-11-01;;0,095;0,0001;0,001;0,067;0,0001;0,001;0,013;0,00001;12,9;0,001;0,0002;0,001;0,41;0,0002;0,0016;5,4;0,118;0,0001;0,001;0,9;0,0007;0,001;0,0001;6,08;0,079;0,0001;0,0001;0,0001;0,0001;0,001;0,001;POK-12;463628-11;17/22/22046;2022-11-01;1:31:00 PM;53,8;7,8;11,07;0,1291;    ;    ;    ;    
POK-10;463628-12;17/22/22047;2022-11-01;12,3;0,93;13,4;5,35;41;31,2;0,15;5;0,02;0,05;0,001;0,54;0,05;0,54;0,6;0,041;1,8;11;177;7,6;0,7;40,8;0,153;55,5;98;8,6;-1,01;POK-10;463628-12;17/22/22047;2022-11-01;;0,027;0,0001;0,001;0,06;0,0001;0,001;0,01;0,00001;13,4;0,001;0,0001;0,001;0,07;0,0001;0,0012;5,35;0,019;0,0001;0,001;0,93;0,0006;0,001;0,0001;12,3;0,048;0,0001;0,0001;0,0001;0,0001;0,001;0,001;POK-10;463628-12;17/22/22047;2022-11-01;1:45:00 PM;20,3;8;10,85;0,169;    ;    ;    ;    
